day,queue_time,entry_time,side,score,queue_price,entry,sl,tp,outcome,exit_price,mfe_r,mae_r,chase_atr,pnl_usd,be05_usd,be10_usd,lock60_usd
2026-06-08,2026-06-08 02:00:00+00:00,2026-06-08 02:01:00+00:00,BUY,4.0,4317.06,4321.03,4309.084219607441,4344.9215607851165,TP,4344.9215607851165,2.1179026542092303,0.025950585881572254,0.3323349224193359,46.70312157023356,46.70312157023356,46.70312157023356,14.388000000000755
2026-06-08,2026-06-08 04:15:00+00:00,2026-06-08 04:26:00+00:00,SELL,4.0,4326.84,4317.31,4328.564885594235,4294.800228811529,SL,4328.564885594235,1.54599527950001,1.0804196895815694,0.8467433915881748,-23.54977118847004,-23.54977118847004,-23.54977118847004,-23.54977118847004
2026-06-08,2026-06-08 05:00:00+00:00,2026-06-08 05:02:00+00:00,SELL,4.0,4325.5,4323.02,4336.504149229789,4296.051701540424,TP,4296.051701540424,2.7076235495336216,0.19949349077634387,0.1839196494889663,52.856596919153084,52.856596919153084,52.856596919153084,20.19599999999984
2026-06-08,2026-06-08 07:00:00+00:00,2026-06-08 07:04:00+00:00,SELL,4.0,4316.73,4315.25,4325.666823726462,4294.416352547077,TP,4294.416352547077,2.7589984005385184,0.6095908087481117,0.1420778577869114,40.60729490584657,-1.06,40.60729490584657,40.60729490584657
2026-06-08,2026-06-08 05:45:00+00:00,2026-06-08 06:00:00+00:00,SELL,4.5,4315.81,4310.37,4323.1065795134355,4284.896840973129,TP,4284.896840973129,2.254137381996071,0.8817123928880846,0.4271162437499045,49.926318053742285,49.926318053742285,49.926318053742285,49.926318053742285
2026-06-08,2026-06-08 10:00:00+00:00,2026-06-08 10:12:00+00:00,SELL,4.1,4299.89,4299.91,4312.789434236973,4274.151131526053,SL,4312.789434236973,0.0015528632416253777,1.1405780510008505,-0.0015528632416253777,-26.55886847394577,-26.55886847394577,-26.55886847394577,-26.55886847394577
2026-06-08,2026-06-08 09:15:00+00:00,2026-06-08 09:19:00+00:00,SELL,4.0,4303.51,4300.58,4314.749108124617,4272.241783750765,SL,4314.749108124617,0.5321435854455733,1.1369805254015986,0.20678789195698835,-29.398216249234395,-29.398216249234395,-29.398216249234395,-29.398216249234395
2026-06-08,2026-06-08 12:15:00+00:00,2026-06-08 12:21:00+00:00,BUY,4.0,4288.86,4290.58,4280.658401058011,4310.423197883979,SL,4280.658401058011,0.006047412352707926,1.1389293264190814,0.17335915410982997,-20.863197883978064,-20.863197883978064,-20.863197883978064,-20.863197883978064
2026-06-08,2026-06-08 10:45:00+00:00,2026-06-08 10:59:00+00:00,SELL,4.5,4301.62,4296.01,4308.998822820336,4270.03235435933,SL,4308.998822820336,1.7853811943369415,1.3026584652083018,0.4319098102729382,-26.777645640670745,-0.8,-0.8,23.859999999999854
2026-06-08,2026-06-08 13:00:00+00:00,2026-06-08 13:00:00+00:00,BUY,5.5,4294.18,4294.18,4282.412600629466,4317.714798741067,TP,4317.714798741067,2.064177413815313,0.6908918227385238,0.0,46.02959748213376,46.02959748213376,46.02959748213376,46.02959748213376
2026-06-08,2026-06-08 13:45:00+00:00,2026-06-08 13:58:00+00:00,BUY,5.0,4304.67,4299.94,4288.673061802351,4322.4738763952955,TP,4322.4738763952955,2.0245074216135968,0.26449066709371016,-0.4198123675683078,44.04775279059184,44.04775279059184,44.04775279059184,14.568000000001557
2026-06-08,2026-06-08 16:15:00+00:00,2026-06-08 16:37:00+00:00,BUY,4.8,4323.76,4339.74,4327.663287272212,4363.893425455575,SL,4327.663287272212,0.5556147729307911,1.0160049573562604,1.3232077602732861,-24.953425455575417,-0.8,-24.953425455575417,-24.953425455575417
2026-06-08,2026-06-08 15:15:00+00:00,2026-06-08 15:37:00+00:00,BUY,4.0,4322.77,4332.22,4319.6710891830035,4357.317821633994,SL,4319.6710891830035,1.1339629556316564,1.0463059457093624,0.7530534034237016,-26.117821633993586,-1.02,-1.02,16.055999999999113
2026-06-08,2026-06-08 14:30:00+00:00,2026-06-08 14:32:00+00:00,BUY,4.8,4325.12,4328.98,4315.882487934745,4355.175024130508,SL,4315.882487934745,1.333841107605889,1.0154600304039552,0.29471245995181566,-26.99502413050941,-0.8,-0.8,20.16399999999994
2026-06-08,2026-06-08 21:00:00+00:00,2026-06-08 21:12:00+00:00,SELL,5.5,4338.95,4342.24,4350.347237766188,4326.025524467623,TP,4326.025524467623,2.0179499444594895,0.4304795419415231,-0.4058102272171014,31.38895106475407,31.38895106475407,31.38895106475407,31.38895106475407
2026-06-08,2026-06-08 18:00:00+00:00,2026-06-08 18:20:00+00:00,BUY,4.5,4330.82,4331.45,4319.111386970989,4356.127226058022,NEG_TIME_STOP,4330.5,1.1889504894518983,0.6743059353946421,0.051059223473403005,-2.919999999999636,-1.02,-1.02,15.840000000000584
2026-06-08,2026-06-08 18:15:00+00:00,2026-06-08 18:20:00+00:00,BUY,4.5,4325.26,4331.45,4319.259202041524,4355.831595916952,NEG_TIME_STOP,4330.5,1.2033666745990266,0.6824819858666327,0.5077600351579725,-2.919999999999636,-1.02,-1.02,15.840000000000584
2026-06-08,2026-06-08 17:15:00+00:00,2026-06-08 17:18:00+00:00,BUY,4.0,4319.28,4321.06,4308.044725091984,4347.090549816034,NEG_TIME_STOP,4320.53,1.9254299411351175,0.4909615851498117,0.13676238209185312,-2.1000000000013097,-1.04,-1.04,17.259999999999273
2026-06-08,2026-06-08 21:45:00+00:00,2026-06-08 21:50:00+00:00,SELL,4.5,4336.52,4334.48,4342.064622628834,4319.3107547423315,TP,4319.3107547423315,2.0726146532639733,0.46277846265631695,0.2689652603473595,29.298490515336162,29.298490515336162,29.298490515336162,10.251999999999462
2026-06-09,2026-06-09 02:15:00+00:00,2026-06-09 02:26:00+00:00,SELL,4.0,4327.53,4323.48,4328.306340439278,4313.827319121442,TP,4313.827319121442,2.076107171896347,0.03315141192664843,0.8391451143893193,18.20536175711495,18.20536175711495,18.20536175711495,5.0319999999996075
2026-06-09,2026-06-09 04:15:00+00:00,2026-06-09 04:22:00+00:00,BUY,4.0,4323.83,4326.4,4319.619517813124,4339.960964373751,TP,4339.960964373751,2.135541337757266,0.09733821014637008,0.37902909102454235,26.041928747503263,26.041928747503263,26.041928747503263,12.672000000000407
2026-06-09,2026-06-09 08:45:00+00:00,2026-06-09 08:46:00+00:00,SELL,4.0,4348.39,4343.6,4351.861827072247,4327.0763458555075,TP,4327.0763458555075,2.0455523762742014,0.5967203085816699,0.5797749042812446,31.967308288985734,31.967308288985734,31.967308288985734,10.608000000000102
2026-06-09,2026-06-09 10:30:00+00:00,2026-06-09 10:31:00+00:00,SELL,4.0,4330.91,4329.49,4337.847111822596,4312.775776354807,SL,4337.847111822596,1.00872169464168,1.0446192638461433,0.16991516090051767,-17.75422364519276,-1.04,-17.75422364519276,-17.75422364519276
2026-06-09,2026-06-09 11:15:00+00:00,2026-06-09 11:19:00+00:00,SELL,4.8,4331.48,4332.65,4341.589909533109,4314.770180933781,SL,4341.589909533109,0.9619784146751216,1.0179073922726176,-0.1308738075779109,-18.89981906621826,-1.02,-18.89981906621826,-18.89981906621826
2026-06-09,2026-06-09 09:30:00+00:00,2026-06-09 09:31:00+00:00,SELL,4.0,4338.85,4334.72,4342.854178985993,4318.451642028015,SL,4342.854178985993,1.6793335902151572,1.090460391303691,0.5077340942597991,-17.288357971985096,-1.02,-1.02,9.923999999999506
2026-06-09,2026-06-09 12:15:00+00:00,2026-06-09 12:17:00+00:00,BUY,4.0,4328.19,4328.89,4320.978320075554,4344.7133598488945,TP,4344.7133598488945,2.0653009419034754,0.6117537673692526,0.08847678453696468,30.626719697788285,-1.02,30.626719697788285,12.984000000000814
2026-06-09,2026-06-09 15:30:00+00:00,2026-06-09 15:32:00+00:00,BUY,4.0,4335.53,4338.77,4332.338240759148,4351.633518481705,SL,4332.338240759148,1.0043908296453479,1.1536501479829044,0.503750199388864,-13.903518481704886,-1.04,-1.04,6.711999999998588
2026-06-09,2026-06-09 16:15:00+00:00,2026-06-09 16:15:00+00:00,SELL,4.3,4340.72,4340.72,4347.467767422861,4327.22446515428,TP,4327.22446515428,2.3370692870318623,0.1585709662094701,-0.0,25.91106969144123,25.91106969144123,25.91106969144123,25.91106969144123
2026-06-09,2026-06-09 13:45:00+00:00,2026-06-09 13:45:00+00:00,BUY,5.5,4332.4,4332.4,4324.860623522902,4347.4787529541945,TP,4347.4787529541945,3.187266224600492,0.9881453755003096,0.0,29.35750590838979,-0.8,-0.8,8.99200000000128
2026-06-09,2026-06-09 17:00:00+00:00,2026-06-09 17:04:00+00:00,SELL,4.5,4328.8,4327.26,4338.827284452748,4304.125431094505,TP,4304.125431094505,2.1405196786803793,0.43052455572807996,0.13313409956250716,45.22913781099029,45.22913781099029,45.22913781099029,18.196000000000787
2026-06-09,2026-06-09 18:00:00+00:00,2026-06-09 18:01:00+00:00,SELL,4.0,4300.31,4297.52,4314.357313802567,4263.845372394867,TP,4263.845372394867,2.020512321556579,0.08849392590002418,0.16570339145040297,66.32925521026708,66.32925521026708,66.32925521026708,66.32925521026708
2026-06-10,2026-06-10 01:15:00+00:00,2026-06-10 01:18:00+00:00,SELL,4.0,4255.04,4253.44,4261.604920974664,4237.11015805067,TP,4237.11015805067,2.0281886440033077,0.4654056067157714,0.19596025545930734,31.539683898658836,31.539683898658836,31.539683898658836,31.539683898658836
2026-06-10,2026-06-10 04:15:00+00:00,2026-06-10 04:21:00+00:00,SELL,5.0,4203.23,4205.89,4221.51361324965,4174.642773500701,TP,4174.642773500701,2.044341439437324,0.17089516729172563,-0.17025511048543385,61.43445299859872,61.43445299859872,61.43445299859872,21.83600000000064
2026-06-10,2026-06-10 05:30:00+00:00,2026-06-10 05:33:00+00:00,SELL,4.3,4187.86,4177.68,4192.6424799529905,4147.755040094019,SL,4192.6424799529905,0.35889772396497926,1.0218894226116633,0.6803684971998774,-30.72495990598036,-30.72495990598036,-30.72495990598036,-30.72495990598036
2026-06-10,2026-06-10 07:00:00+00:00,2026-06-10 07:02:00+00:00,SELL,4.5,4184.68,4182.42,4194.389320371745,4158.481359256509,SL,4194.389320371745,0.8446594865874876,1.0125888207161808,0.1888160672292748,-24.978640743490395,-1.04,-24.978640743490395,-24.978640743490395
2026-06-10,2026-06-10 08:30:00+00:00,2026-06-10 08:59:00+00:00,SELL,5.0,4186.91,4203.9,4213.0364119962005,4185.627176007598,SL,4213.0364119962005,0.0,1.3407889229485188,-1.85959214701184,-19.332823992401753,-19.332823992401753,-19.332823992401753,-19.332823992401753
2026-06-10,2026-06-10 08:45:00+00:00,2026-06-10 08:59:00+00:00,SELL,5.0,4197.92,4203.9,4214.119557063374,4183.460885873252,SL,4214.119557063374,0.0,1.1986820880821598,-0.5851525621821054,-21.49911412674788,-21.49911412674788,-21.49911412674788,-21.49911412674788
2026-06-10,2026-06-10 09:30:00+00:00,2026-06-10 09:49:00+00:00,SELL,4.5,4211.6,4205.73,4216.61833981281,4183.95332037438,TP,4183.95332037438,2.210621675462617,0.19929576384520556,0.5391088174062105,42.53335925123836,42.53335925123836,42.53335925123836,42.53335925123836
2026-06-10,2026-06-10 09:45:00+00:00,2026-06-10 09:49:00+00:00,SELL,4.5,4207.33,4205.73,4216.297227837768,4184.595544324463,TP,4184.595544324463,2.277797012568525,0.20535187026480783,0.15141151724597063,41.248911351073254,41.248911351073254,41.248911351073254,41.248911351073254
2026-06-10,2026-06-10 10:45:00+00:00,2026-06-10 10:49:00+00:00,SELL,4.3,4189.45,4191.7,4201.837895393077,4171.424209213847,TP,4171.424209213847,2.54786610025979,0.03353753287219133,-0.22193955577175936,39.51158157230653,39.51158157230653,39.51158157230653,39.51158157230653
2026-06-10,2026-06-10 10:30:00+00:00,2026-06-10 10:58:00+00:00,SELL,4.8,4194.73,4181.57,4191.844494684319,4161.021010631362,TP,4161.021010631362,2.498419707119731,0.5791039056238478,1.280841579497281,40.29797873727621,40.29797873727621,40.29797873727621,17.187999999999374
2026-06-10,2026-06-10 11:30:00+00:00,2026-06-10 11:31:00+00:00,SELL,4.0,4172.11,4169.44,4181.875335164026,4144.569329671946,TP,4144.569329671946,2.0071835355274765,0.7945101494796337,0.21471073877638225,48.72134065610633,-1.02,48.72134065610633,17.495999999999622
2026-06-10,2026-06-10 12:30:00+00:00,2026-06-10 12:48:00+00:00,SELL,5.5,4165.97,4167.86,4179.494859212242,4144.590281575515,TP,4144.590281575515,2.009478548343741,0.9058983703825004,-0.1624428766624672,45.739436848968765,-0.8,45.739436848968765,15.819999999998982
2026-06-10,2026-06-10 12:45:00+00:00,2026-06-10 12:48:00+00:00,SELL,4.8,4171.24,4167.86,4179.770211317276,4144.039577365446,TP,4144.039577365446,2.3526030944014247,0.8849549113130389,0.28379009489925794,46.84084526910665,-0.8,46.84084526910665,15.819999999998982
2026-06-10,2026-06-10 15:45:00+00:00,2026-06-10 15:45:00+00:00,SELL,4.3,4160.24,4160.24,4176.872256733395,4126.975486533209,SL,4176.872256733395,1.6516099072017612,1.1165051320254262,-0.0,-34.28451346679096,-1.02,-1.02,27.695999999998534
2026-06-10,2026-06-10 17:00:00+00:00,2026-06-10 17:00:00+00:00,SELL,4.3,4179.42,4179.42,4198.52769883037,4141.2046023392595,TP,4141.2046023392595,2.0321651678056614,0.07065214979496233,-0.0,75.41079532148115,75.41079532148115,75.41079532148115,75.41079532148115
2026-06-10,2026-06-10 16:45:00+00:00,2026-06-10 17:00:00+00:00,SELL,4.3,4178.81,4179.42,4199.551960188889,4139.156079622222,TP,4139.156079622222,2.054941476728738,0.0670575536278596,-0.030300079787378798,79.5078407555561,79.5078407555561,79.5078407555561,79.5078407555561
2026-06-10,2026-06-10 17:45:00+00:00,2026-06-10 17:55:00+00:00,SELL,4.5,4149.76,4137.87,4154.997500542318,4103.614998915364,TP,4103.614998915364,2.1059698647142797,0.02452196681952198,0.6942052035335092,67.49000216927242,67.49000216927242,67.49000216927242,25.403999999999073
2026-06-10,2026-06-10 19:00:00+00:00,2026-06-10 19:10:00+00:00,SELL,4.1,4128.65,4129.93,4148.967936643765,4091.8541267124706,TP,4091.8541267124706,2.121028174196868,0.26578510553330964,-0.06723417689384281,75.35174657505941,-0.8,75.35174657505941,29.823999999999796
2026-06-10,2026-06-10 21:00:00+00:00,2026-06-10 21:07:00+00:00,SELL,5.0,4111.51,4117.42,4131.536638139277,4089.186723721446,TP,4089.186723721446,2.059272166162417,0.09988213809042627,-0.4186549192301175,55.44655255710812,55.44655255710812,55.44655255710812,55.44655255710812
2026-06-10,2026-06-10 20:15:00+00:00,2026-06-10 20:16:00+00:00,SELL,4.3,4117.8,4116.6,4132.160834647274,4085.478330705453,TP,4085.478330705453,2.1997534692650973,0.2371338095701787,0.07711668603907917,61.22333858909449,-1.02,61.22333858909449,61.22333858909449
2026-06-10,2026-06-10 22:45:00+00:00,2026-06-10 22:54:00+00:00,SELL,4.3,4091.48,4088.23,4099.939427057809,4064.8111458843828,TP,4064.8111458843828,2.4484545536223106,0.004270063748920843,0.27755414367884507,46.037708231234504,46.037708231234504,46.037708231234504,18.844000000000232
2026-06-11,2026-06-11 01:15:00+00:00,2026-06-11 01:20:00+00:00,BUY,5.0,4055.99,4047.33,4035.495334126312,4070.9993317473754,SL,4035.495334126312,1.844581015889504,1.2970370404903258,-0.731748584406912,-24.78933174737551,-1.12,-1.12,24.46399999999983
2026-06-11,2026-06-11 02:00:00+00:00,2026-06-11 02:15:00+00:00,BUY,4.5,4046.11,4029.74,4014.2643849112615,4060.6912301774764,TP,4060.6912301774764,2.0167211332822292,0.31404244497760214,-1.057793173720947,60.8624603549533,60.8624603549533,60.8624603549533,20.320000000000583
2026-06-11,2026-06-11 02:15:00+00:00,2026-06-11 02:15:00+00:00,BUY,4.5,4029.74,4029.74,4012.35713358976,4064.50573282048,TP,4064.50573282048,2.0002454819256967,0.2795856497600837,0.0,68.49146564096004,68.49146564096004,68.49146564096004,20.320000000000583
2026-06-11,2026-06-11 03:00:00+00:00,2026-06-11 03:01:00+00:00,BUY,5.5,4047.0,4057.04,4038.9635266656896,4093.1929466686206,SL,4038.9635266656896,0.08795963518958241,1.1727951358609814,0.5554180737756751,-37.19294666862064,-37.19294666862064,-37.19294666862064,-37.19294666862064
2026-06-11,2026-06-11 08:30:00+00:00,2026-06-11 08:31:00+00:00,BUY,4.6,4074.84,4078.26,4066.400015081084,4101.979969837833,TP,4101.979969837833,2.0708289401639104,0.041315398236190015,0.28836461626062176,46.6399396756653,46.6399396756653,46.6399396756653,46.6399396756653
2026-06-11,2026-06-11 11:15:00+00:00,2026-06-11 11:21:00+00:00,SELL,4.5,4105.98,4102.28,4113.086928781389,4080.66614243722,TP,4080.66614243722,2.0079710377446616,0.27019702443385285,0.34237294191958273,42.20771512555937,42.20771512555937,42.20771512555937,42.20771512555937
2026-06-11,2026-06-11 14:30:00+00:00,2026-06-11 14:34:00+00:00,SELL,5.0,4090.13,4091.15,4099.278570896524,4074.892858206953,TP,4074.892858206953,2.2463973350850184,0.007381371309144409,-0.12548331225556683,31.49428358609428,31.49428358609428,31.49428358609428,11.13599999999995
2026-06-11,2026-06-11 15:15:00+00:00,2026-06-11 15:22:00+00:00,BUY,4.0,4076.18,4077.61,4068.1002073304708,4096.629585339059,SL,4068.1002073304708,0.05783511997711493,1.549981215387474,0.15037131194060402,-20.03958533905872,-20.03958533905872,-20.03958533905872,-20.03958533905872
2026-06-11,2026-06-11 19:15:00+00:00,2026-06-11 19:38:00+00:00,SELL,4.0,4102.48,4083.99,4099.022731826362,4053.9245363472737,SL,4099.022731826362,0.8102319751783035,1.2086958119039433,1.2299826946672294,-31.08546365272516,-1.02,-31.08546365272516,-31.08546365272516
2026-06-11,2026-06-11 20:15:00+00:00,2026-06-11 20:24:00+00:00,BUY,4.5,4075.87,4079.22,4065.4578296554514,4106.744340689096,TP,4106.744340689096,3.315610754525839,0.07411621673496063,0.24342090790403512,54.028681378192665,54.028681378192665,54.028681378192665,21.168000000000102
2026-06-11,2026-06-11 21:00:00+00:00,2026-06-11 21:08:00+00:00,BUY,5.3,4151.68,4140.29,4117.989677556453,4184.890644887095,TP,4184.890644887095,2.123287684286438,0.3071704464068165,-0.5107549466530736,88.40128977418972,88.40128977418972,88.40128977418972,26.068000000000392
2026-06-11,2026-06-11 22:00:00+00:00,2026-06-11 22:05:00+00:00,BUY,4.5,4161.65,4174.02,4154.2094074210345,4213.641185157932,TP,4213.641185157932,2.050923001825719,0.23573247399769745,0.6244134268418974,78.22237031586381,78.22237031586381,78.22237031586381,78.22237031586381
2026-06-12,2026-06-12 01:45:00+00:00,2026-06-12 02:10:00+00:00,SELL,4.5,4225.62,4225.55,4239.047126655909,4198.555746688182,TP,4198.555746688182,2.1819458875053743,0.35118585761545207,0.005186289036493791,52.86850662363657,-1.12,-1.12,15.848000000000756
2026-06-12,2026-06-12 02:00:00+00:00,2026-06-12 02:10:00+00:00,SELL,4.5,4243.04,4225.55,4240.091509768455,4196.466980463091,TP,4196.466980463091,2.025236751130684,0.3259634023891022,1.2027636936256516,57.04603907381796,-1.12,57.04603907381796,57.04603907381796
2026-06-12,2026-06-12 06:45:00+00:00,2026-06-12 06:53:00+00:00,SELL,4.5,4199.14,4196.2,4207.853845198656,4172.8923096026865,TP,4172.8923096026865,2.0482509929642667,0.43419145472978876,0.2522772484003358,45.555380794626615,45.555380794626615,45.555380794626615,45.555380794626615
2026-06-12,2026-06-12 07:30:00+00:00,2026-06-12 07:30:00+00:00,SELL,4.3,4192.47,4192.47,4202.386888267096,4172.636223465809,TP,4172.636223465809,2.0308789871944795,0.5697351677084351,-0.0,38.6475530683824,38.6475530683824,38.6475530683824,38.6475530683824
2026-06-12,2026-06-12 10:30:00+00:00,2026-06-12 10:36:00+00:00,BUY,4.0,4174.0,4176.81,4167.848092402814,4194.733815194374,TP,4194.733815194374,2.1903818787600065,0.353719335490049,0.313549316317715,34.827630388747345,-1.02,34.827630388747345,13.139999999999855
2026-06-12,2026-06-12 09:00:00+00:00,2026-06-12 09:01:00+00:00,BUY,4.0,4173.06,4177.86,4168.3315809255755,4196.916838148848,TP,4196.916838148848,2.1325678311676,0.8228017616314884,0.50375618059068,37.053676297696654,-1.06,37.053676297696654,11.839999999999636
2026-06-12,2026-06-12 09:45:00+00:00,2026-06-12 09:51:00+00:00,BUY,4.0,4176.32,4178.55,4169.2428365314045,4197.164326937192,TP,4197.164326937192,2.109128099687535,0.9164983540669401,0.2396003903364327,36.16865387438287,-1.06,36.16865387438287,11.012000000000116
2026-06-12,2026-06-12 06:00:00+00:00,2026-06-12 06:13:00+00:00,SELL,5.0,4191.44,4192.39,4206.135947904172,4164.898104191656,SL,4206.135947904172,1.6273886789000822,1.0570387798130485,-0.06911127603738353,-28.591895808343544,-1.1,-1.1,22.09599999999991
2026-06-12,2026-06-12 11:30:00+00:00,2026-06-12 11:30:00+00:00,BUY,4.8,4212.93,4212.93,4200.254899103541,4238.280201792918,SL,4200.254899103541,1.1763219971026213,1.027999706388201,0.0,-26.390201792918592,-1.04,-1.04,14.367999999999448
2026-06-12,2026-06-12 12:15:00+00:00,2026-06-12 12:20:00+00:00,SELL,4.3,4223.96,4223.28,4234.920206420598,4199.999587158803,TP,4199.999587158803,2.008555446115338,0.39174563020901204,0.05841820801364448,45.54082568239435,45.54082568239435,45.54082568239435,20.784000000000088
2026-06-12,2026-06-12 13:00:00+00:00,2026-06-12 13:05:00+00:00,SELL,4.0,4221.64,4221.63,4231.869263261054,4201.151473477893,TP,4201.151473477893,2.1222230004236424,0.36819055276557544,0.0009766327659778739,39.93705304421426,39.93705304421426,39.93705304421426,18.804000000000524
2026-06-12,2026-06-12 15:00:00+00:00,2026-06-12 15:01:00+00:00,SELL,4.0,4206.67,4203.77,4214.019764325424,4183.270471349153,SL,4214.019764325424,0.11317333386129433,1.005876786300964,0.28293333465301396,-21.519528650847423,-21.519528650847423,-21.519528650847423,-21.519528650847423
2026-06-12,2026-06-12 14:45:00+00:00,2026-06-12 15:01:00+00:00,SELL,4.0,4209.54,4203.77,4214.239728067797,4182.830543864407,SL,4214.239728067797,0.11079561880587457,1.0878983605155308,0.5511126900943301,-21.95945613559299,-21.95945613559299,-21.95945613559299,-21.95945613559299
2026-06-12,2026-06-12 13:45:00+00:00,2026-06-12 13:50:00+00:00,SELL,5.0,4215.18,4215.41,4226.601449299121,4193.027101401757,TP,4193.027101401757,2.0068893134121226,0.0482511232966372,-0.02055140436704859,43.745797196485434,43.745797196485434,43.745797196485434,16.58399999999936
2026-06-12,2026-06-12 17:15:00+00:00,2026-06-12 17:35:00+00:00,BUY,5.0,4192.79,4186.54,4173.449986058007,4212.7200278839855,TP,4212.7200278839855,2.026735809263815,0.7318555994250805,-0.47746320421782756,51.34005576797106,51.34005576797106,51.34005576797106,15.168000000000104
2026-06-12,2026-06-12 17:30:00+00:00,2026-06-12 17:35:00+00:00,BUY,5.0,4188.37,4186.54,4172.960654583606,4213.698690832788,TP,4213.698690832788,2.0914115613933175,0.7054831957094397,-0.13476349145597422,53.297381665576246,53.297381665576246,53.297381665576246,26.196000000000353
2026-06-12,2026-06-12 21:15:00+00:00,2026-06-12 21:18:00+00:00,SELL,4.0,4226.83,4225.23,4236.848692778223,4201.992614443551,TP,4201.992614443551,2.0303488912463714,0.8641247506619754,0.13770912361148951,45.45477111289663,45.45477111289663,45.45477111289663,45.45477111289663
2026-06-12,2026-06-12 22:45:00+00:00,2026-06-12 22:56:00+00:00,BUY,4.0,4204.98,4208.41,4198.340432538147,4228.549134923705,TP,4228.549134923705,6.827502795969108,0.0913644010515211,0.34063032131165133,39.258269847411135,39.258269847411135,39.258269847411135,39.258269847411135
2026-06-12,2026-06-12 23:30:00+00:00,2026-06-12 23:35:00+00:00,BUY,4.8,4214.22,4213.32,4204.9201304552025,4230.119739089594,TP,4230.119739089594,7.600118032730898,0.14404985619681457,-0.10714452113818829,32.01947817918874,32.01947817918874,32.01947817918874,32.01947817918874
2026-06-15,2026-06-15 04:15:00+00:00,2026-06-15 04:17:00+00:00,BUY,5.5,4296.01,4294.6,4283.505667262513,4316.788665474975,TP,4316.788665474975,2.111889065741715,0.3353063305403297,-0.12709191560800637,43.337330949948374,43.337330949948374,43.337330949948374,12.939999999999566
2026-06-15,2026-06-15 07:45:00+00:00,2026-06-15 07:47:00+00:00,BUY,4.0,4327.77,4328.24,4320.78347036875,4343.153059262498,SL,4320.78347036875,0.6048390099731598,1.1801736779963765,0.06303200325653553,-15.993059262498791,-1.08,-15.993059262498791,-15.993059262498791
2026-06-15,2026-06-15 06:30:00+00:00,2026-06-15 06:46:00+00:00,BUY,4.0,4323.86,4325.0,4315.400527107352,4344.198945785296,SL,4315.400527107352,0.8073359950769395,1.016722491864659,0.11875652056619038,-20.218945785296018,-1.02,-20.218945785296018,-20.218945785296018
2026-06-15,2026-06-15 06:45:00+00:00,2026-06-15 06:46:00+00:00,BUY,4.0,4323.15,4325.0,4315.860456826372,4343.279086347256,SL,4315.860456826372,0.8479636074549528,1.0678870720981322,0.20241711919896402,-19.299086347256452,-1.02,-19.299086347256452,-19.299086347256452
2026-06-15,2026-06-15 08:15:00+00:00,2026-06-15 08:15:00+00:00,SELL,5.5,4328.58,4328.58,4335.410104478583,4314.919791042835,TP,4314.919791042835,2.3498908472525746,0.6105323883516072,-0.0,26.240417914330394,26.240417914330394,26.240417914330394,26.240417914330394
2026-06-15,2026-06-15 08:45:00+00:00,2026-06-15 09:06:00+00:00,BUY,5.3,4312.6,4312.05,4303.452010413865,4329.245979172271,SL,4303.452010413865,0.1349152599429042,1.1002572060862403,-0.06396844221433722,-18.21597917227111,-18.21597917227111,-18.21597917227111,-18.21597917227111
2026-06-15,2026-06-15 09:00:00+00:00,2026-06-15 09:06:00+00:00,BUY,4.3,4309.84,4312.05,4303.451742358683,4329.246515282635,SL,4303.451742358683,0.13491105388906766,1.1002229049920216,0.257028818185243,-18.21651528263421,-18.21651528263421,-18.21651528263421,-18.21651528263421
2026-06-15,2026-06-15 09:45:00+00:00,2026-06-15 09:50:00+00:00,BUY,4.5,4306.25,4307.45,4299.221457173933,4323.907085652133,TP,4323.907085652133,2.0489654555350176,0.3026052185220386,0.14583384025157553,31.874171304266348,31.874171304266348,31.874171304266348,12.351999999999826
2026-06-15,2026-06-15 10:30:00+00:00,2026-06-15 10:36:00+00:00,BUY,4.8,4316.52,4314.43,4306.721073010706,4329.847853978588,TP,4329.847853978588,2.0197363422461496,0.33727132240467705,-0.27111425531758676,29.795707957176056,29.795707957176056,29.795707957176056,29.795707957176056
2026-06-15,2026-06-15 12:15:00+00:00,2026-06-15 12:15:00+00:00,BUY,5.0,4339.97,4339.97,4331.006360738417,4357.897278523166,SL,4331.006360738417,0.822210687525863,1.0877278430634034,0.0,-18.947278523166023,-1.02,-18.947278523166023,-18.947278523166023
2026-06-15,2026-06-15 13:45:00+00:00,2026-06-15 13:45:00+00:00,BUY,5.5,4337.6,4337.6,4330.869939087578,4351.060121824845,SL,4330.869939087578,1.4472380156354394,1.0965725416211436,0.0,-14.480121824844463,-1.02,-1.02,9.75599999999984
2026-06-15,2026-06-15 13:00:00+00:00,2026-06-15 13:06:00+00:00,BUY,4.0,4336.4,4338.15,4330.146451716238,4354.157096567525,SL,4330.146451716238,1.1482407145147473,1.0120511194307193,0.21865301963010841,-17.027096567524058,-1.02,-1.02,9.095999999999986
2026-06-15,2026-06-15 15:15:00+00:00,2026-06-15 15:21:00+00:00,BUY,4.8,4330.91,4327.54,4320.7919246465735,4341.036150706854,TP,4341.036150706854,2.0242808926345157,0.002963808041854567,-0.4994016550642877,25.972301413707537,25.972301413707537,25.972301413707537,11.544000000000306
2026-06-15,2026-06-15 16:15:00+00:00,2026-06-15 16:34:00+00:00,SELL,4.1,4349.19,4358.65,4366.68413215149,4342.581735697018,SL,4366.68413215149,0.08837295511355168,1.2297532345378248,-1.1774762751748722,-16.868264302981334,-16.868264302981334,-16.868264302981334,-16.868264302981334
2026-06-15,2026-06-15 16:30:00+00:00,2026-06-15 16:51:00+00:00,SELL,5.5,4353.15,4358.97,4366.796914531293,4343.316170937416,SL,4366.796914531293,0.6464871923374762,1.2776426726036068,-0.7435880354553781,-16.45382906258492,-16.45382906258492,-16.45382906258492,-16.45382906258492
2026-06-15,2026-06-15 18:30:00+00:00,2026-06-15 18:47:00+00:00,SELL,5.3,4353.82,4356.89,4366.508394414907,4337.653211170187,TP,4337.653211170187,2.0107306028152667,0.2599186404880108,-0.31918009051934154,37.67357765962625,37.67357765962625,37.67357765962625,37.67357765962625
2026-06-15,2026-06-15 18:45:00+00:00,2026-06-15 18:47:00+00:00,SELL,4.3,4357.37,4356.89,4366.555275159586,4337.559449680829,TP,4337.559449680829,2.000977693927265,0.2586579232067283,0.04966232125564667,37.86110063834276,37.86110063834276,37.86110063834276,37.86110063834276
2026-06-15,2026-06-15 17:30:00+00:00,2026-06-15 17:47:00+00:00,SELL,4.5,4363.52,4356.59,4366.573895425743,4336.622209148514,TP,4336.622209148514,2.0132422409166586,0.6911130080758189,0.6941178472414317,38.91558170297183,38.91558170297183,38.91558170297183,38.91558170297183
2026-06-15,2026-06-15 17:45:00+00:00,2026-06-15 17:47:00+00:00,SELL,4.5,4356.85,4356.59,4366.745376035644,4336.279247928713,TP,4336.279247928713,2.020604646049374,0.6794430827358504,0.025602203117605613,39.601504142574846,39.601504142574846,39.601504142574846,39.601504142574846
2026-06-15,2026-06-15 20:15:00+00:00,2026-06-15 20:18:00+00:00,SELL,4.0,4333.78,4332.54,4341.324228513165,4314.971542973671,TP,4314.971542973671,2.0411581931332377,0.13660846802897234,0.14116208362993463,34.11691405265854,34.11691405265854,34.11691405265854,13.715999999998967
2026-06-16,2026-06-16 03:15:00+00:00,2026-06-16 03:16:00+00:00,BUY,4.3,4313.25,4314.3,4308.738100714073,4325.423798571855,SL,4308.738100714073,0.06472609112332375,1.1434942765131975,0.188784432443232,-12.223798571854422,-12.223798571854422,-12.223798571854422,-12.223798571854422
2026-06-16,2026-06-16 01:15:00+00:00,2026-06-16 01:18:00+00:00,BUY,4.0,4309.99,4311.06,4305.2010017363355,4322.777996527329,TP,4322.777996527329,2.416795391085005,0.8943508368140697,0.1826250754563896,22.275993054657956,-1.16,-1.16,8.476000000000422
2026-06-16,2026-06-16 05:15:00+00:00,2026-06-16 05:28:00+00:00,BUY,4.0,4309.37,4311.62,4304.551674893056,4325.756650213888,TP,4325.756650213888,2.1546830075824337,0.30558866030056464,0.3183215211464429,27.17330042777612,-1.1,27.17330042777612,9.760000000000582
2026-06-16,2026-06-16 06:15:00+00:00,2026-06-16 06:19:00+00:00,BUY,4.3,4318.43,4317.76,4310.8648151431225,4331.550369713756,TP,4331.550369713756,2.1522265621635848,0.36547243508444205,-0.09716925853434934,26.500739427510712,26.500739427510712,26.500739427510712,26.500739427510712
2026-06-16,2026-06-16 09:15:00+00:00,2026-06-16 09:20:00+00:00,BUY,5.0,4318.45,4317.16,4310.341824199368,4330.796351601265,TP,4330.796351601265,2.236668640692065,0.4752004193994625,-0.18920016698312672,26.192703202530467,26.192703202530467,26.192703202530467,26.192703202530467
2026-06-16,2026-06-16 09:00:00+00:00,2026-06-16 09:20:00+00:00,BUY,4.0,4315.67,4317.16,4310.234412537731,4331.011174924536,TP,4331.011174924536,2.2019792664643556,0.46783034907173976,0.21514420373976453,26.622349849072563,26.622349849072563,26.622349849072563,26.622349849072563
2026-06-16,2026-06-16 07:15:00+00:00,2026-06-16 07:17:00+00:00,SELL,4.5,4326.85,4325.97,4333.12163288291,4311.666734234182,SL,4333.12163288291,1.7674285309313105,1.003966523108021,0.1230488217737109,-15.363265765818651,-1.06,-1.06,9.212000000000844
2026-06-16,2026-06-16 10:00:00+00:00,2026-06-16 10:02:00+00:00,BUY,5.3,4323.73,4323.35,4316.683252671411,4336.68349465718,TP,4336.68349465718,2.342971651710176,0.1379983303184089,-0.05699931034878347,25.586989314358945,25.586989314358945,25.586989314358945,9.791999999999389
2026-06-16,2026-06-16 10:45:00+00:00,2026-06-16 10:48:00+00:00,BUY,4.0,4327.43,4328.98,4322.583945516767,4341.772108966466,TP,4341.772108966466,2.001233734571066,0.20012337345706394,0.2423368975455978,24.564217932932007,24.564217932932007,24.564217932932007,6.672000000000917
2026-06-16,2026-06-16 11:30:00+00:00,2026-06-16 11:31:00+00:00,BUY,4.5,4341.07,4342.44,4335.742230607507,4355.835538784985,SL,4335.742230607507,1.0018260717547374,1.1182827537172464,0.2045457106265087,-14.415538784985547,-1.02,-1.02,7.03199999999968
2026-06-16,2026-06-16 12:30:00+00:00,2026-06-16 12:31:00+00:00,BUY,4.3,4339.76,4341.67,4335.120789696415,4354.76842060717,SL,4335.120789696415,1.142122432059496,1.0260779068770791,0.29163821460342226,-14.11842060716983,-1.02,-1.02,7.955999999998749
2026-06-16,2026-06-16 13:30:00+00:00,2026-06-16 13:36:00+00:00,BUY,4.3,4344.12,4343.04,4337.1520617189,4354.8158765622,SL,4337.1520617189,1.0377146818288723,1.373995380686772,-0.18342583574061644,-12.79587656220021,-1.02,-1.02,6.312000000000335
2026-06-16,2026-06-16 14:45:00+00:00,2026-06-16 14:51:00+00:00,BUY,4.0,4338.79,4340.21,4334.286630507714,4352.056738984571,TP,4352.056738984571,2.09677954687369,0.5165978593747419,0.23972841840263892,22.6734779691419,-1.02,22.6734779691419,7.139999999999855
2026-06-16,2026-06-16 15:30:00+00:00,2026-06-16 15:34:00+00:00,BUY,5.3,4343.57,4343.28,4337.0572673260585,4355.725465347882,SL,4337.0572673260585,1.8641327866416681,1.1891881569954512,-0.04660331966603439,-13.465465347882418,-1.02,-1.02,12.647999999999666
2026-06-16,2026-06-16 16:15:00+00:00,2026-06-16 16:15:00+00:00,SELL,5.0,4343.59,4343.59,4350.897521091748,4328.974957816505,TP,4328.974957816505,2.152576749694746,0.16558282689959586,-0.0,28.210084366990923,28.210084366990923,28.210084366990923,8.160000000000291
2026-06-16,2026-06-16 17:30:00+00:00,2026-06-16 17:36:00+00:00,BUY,5.0,4319.48,4319.31,4310.135259603334,4337.6594807933325,TP,4337.6594807933325,2.057823892963728,0.0,-0.018529134629349932,35.67896158666415,35.67896158666415,35.67896158666415,10.103999999999797
2026-06-16,2026-06-16 18:15:00+00:00,2026-06-16 18:22:00+00:00,BUY,4.5,4324.36,4326.49,4317.713020844007,4344.043958311985,TP,4344.043958311985,2.187540799489126,0.6300573240195013,0.24268030744333965,34.08791662397059,34.08791662397059,34.08791662397059,19.080000000000364
2026-06-17,2026-06-17 02:00:00+00:00,2026-06-17 02:07:00+00:00,BUY,5.5,4335.21,4335.68,4331.260475909145,4344.519048181712,SL,4331.260475909145,0.5430448959346904,1.1268181590647603,0.10634629212061729,-9.979048181711406,-1.1400000000000001,-9.979048181711406,-9.979048181711406
2026-06-17,2026-06-17 01:15:00+00:00,2026-06-17 01:20:00+00:00,BUY,5.0,4332.12,4330.98,4326.127340097114,4340.68531980577,TP,4340.68531980577,2.1019400090116322,0.5378493552469883,-0.23492270688958608,18.23063961154032,-1.18,-1.18,7.340000000000437
2026-06-17,2026-06-17 03:00:00+00:00,2026-06-17 03:02:00+00:00,BUY,5.5,4330.68,4331.82,4327.729309875379,4340.001380249241,TP,4340.001380249241,2.2881224719675473,0.06111438226408668,0.27868158312409297,15.202760498483112,15.202760498483112,15.202760498483112,15.202760498483112
2026-06-16,2026-06-16 21:45:00+00:00,2026-06-16 21:45:00+00:00,SELL,4.8,4338.64,4338.64,4345.066764274193,4325.786471451615,NEG_TIME_STOP,4338.89,1.5980047753176483,0.636401122789453,-0.0,-1.52,-1.02,-1.02,7.595999999999986
2026-06-16,2026-06-16 21:00:00+00:00,2026-06-16 21:14:00+00:00,SELL,4.3,4340.09,4341.27,4349.091105792171,4325.627788415658,NEG_TIME_STOP,4342.25,1.6493831361945697,0.25188254095365,-0.15087380625658836,-2.999999999999127,-1.04,-1.04,11.560000000000365
2026-06-16,2026-06-16 22:30:00+00:00,2026-06-16 22:35:00+00:00,SELL,4.5,4339.35,4338.99,4344.772495143822,4327.425009712355,SL,4344.772495143822,1.8365774178549084,1.1292702955361467,0.06225686162230159,-12.584990287644832,-1.02,-1.02,8.016000000000059
2026-06-17,2026-06-17 05:15:00+00:00,2026-06-17 05:15:00+00:00,SELL,5.0,4341.95,4341.95,4348.266143892394,4329.317712215212,TP,4329.317712215212,2.007554010172049,0.37997867700427823,-0.0,24.164575569575753,24.164575569575753,24.164575569575753,24.164575569575753
2026-06-17,2026-06-17 04:15:00+00:00,2026-06-17 04:32:00+00:00,SELL,4.0,4347.39,4340.22,4346.644133067906,4327.371733864189,TP,4327.371733864189,2.095224345094123,0.6428883020236948,1.116103904481796,24.636532271622347,24.636532271622347,24.636532271622347,24.636532271622347
2026-06-17,2026-06-17 04:30:00+00:00,2026-06-17 04:32:00+00:00,SELL,4.0,4343.1,4340.22,4346.931581992185,4326.79683601563,TP,4326.79683601563,2.005488425183991,0.6153541750378959,0.4291089646753415,25.786327968740295,25.786327968740295,25.786327968740295,25.786327968740295
2026-06-17,2026-06-17 08:45:00+00:00,2026-06-17 08:51:00+00:00,SELL,4.8,4329.51,4331.71,4337.764528928242,4319.600942143516,TP,4319.600942143516,2.0034589220340795,0.17837886527589783,-0.3633643551916382,23.15811571296894,-1.06,-1.06,9.236000000000276
2026-06-17,2026-06-17 13:45:00+00:00,2026-06-17 13:45:00+00:00,BUY,5.5,4330.78,4330.78,4325.47768265437,4341.384634691259,SL,4325.47768265437,0.7958784291699578,1.0108787631162217,0.0,-11.62463469125898,-1.02,-11.62463469125898,-11.62463469125898
2026-06-17,2026-06-17 12:15:00+00:00,2026-06-17 12:23:00+00:00,BUY,4.5,4325.11,4326.99,4320.978457348309,4339.01308530338,SL,4320.978457348309,1.4072926851182606,1.0163780503631294,0.3127317078040747,-13.043085303380867,-1.02,-1.02,6.348000000000393
2026-06-17,2026-06-17 13:00:00+00:00,2026-06-17 13:07:00+00:00,BUY,5.0,4329.37,4329.09,4322.977828383478,4341.314343233045,SL,4322.977828383478,0.9669231119139159,1.3432214464997427,-0.045810232036490164,-13.244343233045146,-1.02,-13.244343233045146,-13.244343233045146
2026-06-17,2026-06-17 15:15:00+00:00,2026-06-17 15:16:00+00:00,BUY,4.3,4323.37,4323.17,4318.124964776319,4333.260070447362,TP,4333.260070447362,2.1645042137154618,0.3092148876737147,-0.03964293431709669,19.16014089472308,-1.02,19.16014089472308,6.3599999999992
2026-06-17,2026-06-17 10:30:00+00:00,2026-06-17 10:47:00+00:00,SELL,4.3,4328.94,4329.14,4335.522061727668,4316.375876544665,SL,4335.522061727668,1.9398120118972606,1.3835654333645007,-0.03133783541040873,-13.80412345533572,-1.04,-1.04,10.815999999999768
2026-06-17,2026-06-17 10:45:00+00:00,2026-06-17 10:47:00+00:00,SELL,4.3,4328.73,4329.14,4335.508453497313,4316.403093005376,SL,4335.508453497313,1.9439570384277856,1.3865218618188249,-0.06437983729861632,-13.776906994625316,-1.04,-1.04,10.815999999999768
2026-06-17,2026-06-17 18:15:00+00:00,2026-06-17 18:40:00+00:00,BUY,4.5,4347.88,4359.51,4348.565384486947,4381.399231026107,TP,4381.399231026107,2.062201269024113,0.4157295424926988,1.0626229844373491,42.758462052214306,-1.02,42.758462052214306,42.758462052214306
2026-06-17,2026-06-17 18:30:00+00:00,2026-06-17 18:40:00+00:00,BUY,4.5,4355.33,4359.51,4348.277999888687,4381.974000222626,TP,4381.974000222626,2.009437302023102,0.405092588578006,0.3721509934628825,43.90800044525211,-1.02,43.90800044525211,43.90800044525211
2026-06-17,2026-06-17 20:45:00+00:00,2026-06-17 21:00:00+00:00,SELL,4.8,4376.32,4379.42,4389.019257085745,4360.22148582851,TP,4360.22148582851,4.517016224556529,0.0,-0.3229416581210099,37.31702834298078,37.31702834298078,37.31702834298078,37.31702834298078
2026-06-17,2026-06-17 21:00:00+00:00,2026-06-17 21:00:00+00:00,SELL,4.8,4379.42,4379.42,4388.812689474313,4360.634621051376,TP,4360.634621051376,4.616356169186975,0.0,-0.0,36.49075789724877,36.49075789724877,36.49075789724877,36.49075789724877
2026-06-17,2026-06-17 21:45:00+00:00,2026-06-17 21:49:00+00:00,SELL,4.0,4323.41,4317.98,4344.893984822241,4264.152030355517,TP,4264.152030355517,2.0130798303499735,0.23556526623143725,0.20175384789223083,106.63593928896489,106.63593928896489,106.63593928896489,106.63593928896489
2026-06-18,2026-06-18 02:00:00+00:00,2026-06-18 02:05:00+00:00,BUY,4.8,4266.61,4264.68,4248.778272960826,4296.483454078349,TP,4296.483454078349,2.1129780379970873,0.018865875339271452,-0.12137046468253386,62.506908156696596,62.506908156696596,62.506908156696596,20.72799999999952
2026-06-18,2026-06-18 01:15:00+00:00,2026-06-18 01:15:00+00:00,BUY,6.3,4265.53,4265.53,4245.180273665355,4306.229452669288,TP,4306.229452669288,2.051133234599877,0.2604457628984078,0.0,80.21890533857578,80.21890533857578,80.21890533857578,80.21890533857578
2026-06-18,2026-06-18 02:45:00+00:00,2026-06-18 02:53:00+00:00,BUY,5.0,4276.0,4275.61,4260.49267427998,4305.844651440038,TP,4305.844651440038,2.094285761010909,0.15611226771904424,-0.025798213733257126,59.44930288007752,59.44930288007752,59.44930288007752,59.44930288007752
2026-06-18,2026-06-18 08:15:00+00:00,2026-06-18 08:22:00+00:00,SELL,4.8,4315.79,4320.75,4328.978804440526,4304.292391118947,TP,4304.292391118947,2.0829271279782997,0.4435638283033776,-0.6027607091465721,31.83521776210539,31.83521776210539,31.83521776210539,31.83521776210539
2026-06-18,2026-06-18 05:15:00+00:00,2026-06-18 05:17:00+00:00,SELL,4.0,4326.87,4326.59,4338.8628840032225,4302.044231993556,TP,4302.044231993556,2.008492868793463,0.16051646862164484,0.02281452345889029,48.07153601288744,48.07153601288744,48.07153601288744,18.180000000000728
2026-06-18,2026-06-18 09:00:00+00:00,2026-06-18 09:15:00+00:00,SELL,4.3,4307.95,4298.78,4308.022649883211,4280.294700233579,SL,4308.022649883211,0.26399355496867416,1.006204943118492,0.9921397127308026,-19.50529976642203,-19.50529976642203,-19.50529976642203,-19.50529976642203
2026-06-18,2026-06-18 10:00:00+00:00,2026-06-18 10:02:00+00:00,SELL,4.3,4306.3,4305.46,4314.329541596334,4287.720916807333,TP,4287.720916807333,2.038436801229272,0.425050151583707,0.09470613457040333,34.458166385333676,34.458166385333676,34.458166385333676,34.458166385333676
2026-06-18,2026-06-18 10:45:00+00:00,2026-06-18 10:58:00+00:00,SELL,4.5,4297.52,4288.52,4297.728848262858,4270.102303474285,TP,4270.102303474285,2.077349898049452,0.4528253567623851,0.9773209138758474,35.81539305143131,35.81539305143131,35.81539305143131,35.81539305143131
2026-06-18,2026-06-18 11:30:00+00:00,2026-06-18 11:44:00+00:00,SELL,4.8,4284.72,4282.14,4291.104367298814,4264.211265402371,TP,4264.211265402371,2.3336839402784273,0.08143352181655006,0.287806145598382,35.05746919525809,35.05746919525809,35.05746919525809,35.05746919525809
2026-06-18,2026-06-18 13:15:00+00:00,2026-06-18 13:19:00+00:00,SELL,4.8,4267.87,4268.1,4276.657753825471,4250.984492349057,TP,4250.984492349057,2.150096903376039,0.5270074475121828,-0.026876211292254953,33.21101530188614,33.21101530188614,33.21101530188614,33.21101530188614
2026-06-18,2026-06-18 15:30:00+00:00,2026-06-18 15:34:00+00:00,SELL,4.8,4254.96,4251.0,4261.566963787794,4229.866072424413,SL,4261.566963787794,0.9605408141669387,1.0116434781718777,0.37475286936958113,-21.933927575587223,-0.8,-21.933927575587223,-21.933927575587223
2026-06-18,2026-06-18 16:15:00+00:00,2026-06-18 16:20:00+00:00,SELL,4.5,4259.11,4258.29,4269.608500575343,4235.652998849314,SL,4269.608500575343,0.5044837840481444,1.4569067598868195,0.07244775883000508,-23.697001150686045,-23.697001150686045,-23.697001150686045,-23.697001150686045
2026-06-18,2026-06-18 17:00:00+00:00,2026-06-18 17:01:00+00:00,SELL,4.8,4256.44,4249.44,4261.414069856008,4225.491860287983,TP,4225.491860287983,2.136282843478191,0.5253017625284512,0.5845965560730015,47.0962794240324,-0.8,47.0962794240324,47.0962794240324
2026-06-18,2026-06-18 18:00:00+00:00,2026-06-18 18:02:00+00:00,SELL,5.0,4252.18,4252.47,4265.902468724098,4225.605062551805,TP,4225.605062551805,2.129913762514442,0.1593154649346233,-0.021589478893012867,52.64987489639127,52.64987489639127,52.64987489639127,52.64987489639127
2026-06-18,2026-06-18 20:45:00+00:00,2026-06-18 20:48:00+00:00,SELL,4.3,4229.64,4227.87,4237.826032372642,4207.957935254715,TP,4207.957935254715,2.0540310873429677,0.5142610839704579,0.17778166379452234,39.02412949056925,39.02412949056925,39.02412949056925,39.02412949056925
2026-06-18,2026-06-18 21:45:00+00:00,2026-06-18 21:47:00+00:00,SELL,4.0,4224.65,4223.45,4231.430500159901,4207.488999680196,TP,4207.488999680196,2.008646034560947,0.027567194485584957,0.1503665153757211,30.902000639608083,30.902000639608083,30.902000639608083,30.902000639608083
2026-06-18,2026-06-18 18:45:00+00:00,2026-06-18 18:45:00+00:00,SELL,4.8,4231.64,4231.64,4244.6493729738795,4205.621254052242,TP,4205.621254052242,2.0285374285899294,0.11453280669187246,-0.0,51.237491895516726,-0.8,-0.8,19.084000000000014
2026-06-18,2026-06-18 23:00:00+00:00,2026-06-18 23:07:00+00:00,SELL,4.5,4216.74,4216.42,4225.056837301558,4199.146325396885,TP,4199.146325396885,2.02620466138035,0.3450337080521462,0.03705059952234985,33.46734920623014,33.46734920623014,33.46734920623014,14.59200000000048
2026-06-18,2026-06-18 23:45:00+00:00,2026-06-18 23:54:00+00:00,SELL,4.5,4212.76,4209.3,4216.581307126377,4194.737385747246,TP,4194.737385747246,2.106764586873414,0.5150174185642261,0.47518940486193095,28.08522850550886,-1.04,28.08522850550886,28.08522850550886
2026-06-19,2026-06-19 01:45:00+00:00,2026-06-19 01:48:00+00:00,SELL,4.0,4204.84,4204.12,4210.912270475782,4190.535459048436,TP,4190.535459048436,2.3688691516878873,0.921635853919612,0.10600284581826393,26.029081903128244,26.029081903128244,26.029081903128244,9.648000000000465
2026-06-19,2026-06-19 02:30:00+00:00,2026-06-19 02:34:00+00:00,SELL,4.8,4197.18,4197.51,4204.969146143791,4182.5917077124195,TP,4182.5917077124195,2.0216791184006437,0.09384452141114653,-0.04424098866525654,28.7165845751614,-1.12,-1.12,10.32800000000032
2026-06-19,2026-06-19 04:15:00+00:00,2026-06-19 04:18:00+00:00,SELL,4.0,4186.34,4184.47,4192.026316550082,4169.357366899837,TP,4169.357366899837,2.0247960628164474,0.9263772836415008,0.2474750743442151,29.145266200326592,29.145266200326592,29.145266200326592,29.145266200326592
2026-06-19,2026-06-19 05:00:00+00:00,2026-06-19 05:00:00+00:00,SELL,5.3,4184.74,4184.74,4191.594188877194,4171.031622245612,TP,4171.031622245612,2.271603581250285,0.19550088624764095,-0.0,26.396755508775172,26.396755508775172,26.396755508775172,7.967999999999374
2026-06-19,2026-06-19 05:45:00+00:00,2026-06-19 05:51:00+00:00,SELL,6.0,4179.72,4174.58,4181.278391989094,4161.18321602181,TP,4161.18321602181,2.037802508754665,0.3777025895347195,0.7673483439560385,25.71356795637978,25.71356795637978,25.71356795637978,7.943999999999432
2026-06-19,2026-06-19 08:15:00+00:00,2026-06-19 08:20:00+00:00,BUY,4.3,4130.21,4127.78,4117.825214398691,4147.689571202617,TP,4147.689571202617,2.0151112041392047,0.19287205941910981,-0.24410370020233085,38.779142405234744,38.779142405234744,38.779142405234744,12.640000000000292
2026-06-19,2026-06-19 09:45:00+00:00,2026-06-19 09:45:00+00:00,BUY,5.3,4135.89,4135.89,4125.634150480464,4156.401699039073,TP,4156.401699039073,2.0115349743288,0.14528294288663532,0.0,39.943398078144966,39.943398078144966,39.943398078144966,39.943398078144966
2026-06-19,2026-06-19 09:00:00+00:00,2026-06-19 09:00:00+00:00,BUY,4.3,4139.41,4139.41,4129.868292158199,4158.4934156836,TP,4158.4934156836,2.09815688469284,0.7084685584677195,0.0,37.106831367199845,-1.06,37.106831367199845,37.106831367199845
2026-06-19,2026-06-19 10:30:00+00:00,2026-06-19 10:31:00+00:00,BUY,4.0,4152.32,4153.52,4142.803448475727,4174.953103048547,TP,4174.953103048547,2.0706287792056313,0.23701654345129367,0.11197631974079807,41.8462060970928,41.8462060970928,41.8462060970928,41.8462060970928
2026-06-19,2026-06-19 13:00:00+00:00,2026-06-19 13:16:00+00:00,BUY,4.8,4162.61,4154.85,4146.600995037944,4171.348009924113,SL,4146.600995037944,0.3867133084139131,1.1807484714583867,-0.9407195214081739,-17.51800992411292,-17.51800992411292,-17.51800992411292,-17.51800992411292
2026-06-19,2026-06-19 14:00:00+00:00,2026-06-19 14:04:00+00:00,BUY,6.3,4149.56,4148.36,4140.818853319085,4163.442293361829,TP,4163.442293361829,3.0698249191452205,0.8818287564714522,-0.15912699364908903,29.144586723658435,-1.02,-1.02,11.016000000000059
2026-06-19,2026-06-19 14:45:00+00:00,2026-06-19 14:45:00+00:00,BUY,5.3,4149.76,4149.76,4142.293007627269,4164.693984745463,TP,4164.693984745463,2.9128193674642007,0.36426982434498245,0.0,28.847969490926044,-1.02,-1.02,9.335999999999768
2026-06-19,2026-06-19 15:30:00+00:00,2026-06-19 15:39:00+00:00,BUY,4.8,4151.59,4150.47,4143.398550446551,4164.612899106899,TP,4164.612899106899,2.9753447070463,0.4850490658350614,-0.15838336843590956,27.245798213797535,-1.04,27.245798213797535,27.245798213797535
2026-06-19,2026-06-19 16:15:00+00:00,2026-06-19 16:26:00+00:00,SELL,4.0,4169.7,4163.95,4175.403888790794,4141.042222418413,TP,4141.042222418413,2.2743367319000862,0.3439879740379054,0.502012906273528,44.75555516317348,44.75555516317348,44.75555516317348,21.83600000000064
2026-06-22,2026-06-22 02:00:00+00:00,2026-06-22 02:05:00+00:00,BUY,4.5,4156.2,4159.33,4151.772080213122,4174.445839573756,SL,4151.772080213122,0.6827275421682412,1.231820429764759,0.41413511763308714,-16.135839573756602,-1.02,-16.135839573756602,-16.135839573756602
2026-06-22,2026-06-22 01:15:00+00:00,2026-06-22 01:15:00+00:00,BUY,4.8,4150.27,4150.27,4141.510892453021,4167.788215093959,SL,4141.510892453021,1.6234530657068673,1.5492445922393958,0.0,-20.658215093958134,-3.1400000000000006,-3.1400000000000006,13.923999999998488
2026-06-22,2026-06-22 02:15:00+00:00,2026-06-22 02:20:00+00:00,SELL,4.8,4158.34,4154.59,4162.386863815294,4138.996272369412,TP,4138.996272369412,2.294512309540131,0.5604817659413045,0.48096261379403765,30.38745526117709,30.38745526117709,30.38745526117709,30.38745526117709
2026-06-22,2026-06-22 03:00:00+00:00,2026-06-22 03:01:00+00:00,BUY,6.3,4140.11,4146.99,4138.256841540088,4164.456316919823,TP,4164.456316919823,2.0221778960116366,0.6171879308891073,0.787802034233318,34.13263383964586,34.13263383964586,34.13263383964586,34.13263383964586
2026-06-22,2026-06-22 03:45:00+00:00,2026-06-22 04:23:00+00:00,BUY,4.0,4175.41,4212.49,4201.999798774393,4233.470402451215,SL,4201.999798774393,0.06291585697982006,1.3050273970513657,3.5347272375942995,-22.060402451214102,-22.060402451214102,-22.060402451214102,-22.060402451214102
2026-06-22,2026-06-22 04:00:00+00:00,2026-06-22 04:23:00+00:00,BUY,4.0,4200.65,4212.49,4199.995825604473,4237.478348791053,SL,4199.995825604473,0.05282461882684801,1.0957106541510417,0.9476416468333727,-26.06834879105379,-26.06834879105379,-26.06834879105379,-26.06834879105379
2026-06-22,2026-06-22 04:30:00+00:00,2026-06-22 04:30:00+00:00,SELL,5.3,4207.19,4207.19,4220.214957657084,4181.1400846858305,TP,4181.1400846858305,2.0990471308848138,0.0,-0.0,51.079830628338165,51.079830628338165,51.079830628338165,26.315999999999327
2026-06-22,2026-06-22 04:15:00+00:00,2026-06-22 04:30:00+00:00,SELL,4.3,4211.5,4207.19,4220.724951142789,4180.12009771442,TP,4180.12009771442,2.019955573653009,0.0,0.31843483988462035,53.1198045711594,53.1198045711594,53.1198045711594,26.315999999999327
2026-06-22,2026-06-22 05:45:00+00:00,2026-06-22 05:58:00+00:00,SELL,4.8,4191.58,4188.52,4200.562499665346,4164.435000669309,SL,4200.562499665346,1.4988582521569178,1.00892674591168,0.2541000693406847,-24.884999330691063,-0.8,-0.8,19.264000000000305
2026-06-22,2026-06-22 10:30:00+00:00,2026-06-22 10:31:00+00:00,SELL,4.3,4197.48,4194.31,4201.482266918444,4179.965466163113,SL,4201.482266918444,0.814247443159491,1.1363213461899642,0.4419802045915823,-15.144533836887422,-0.8,-15.144533836887422,-15.144533836887422
2026-06-22,2026-06-22 09:45:00+00:00,2026-06-22 09:49:00+00:00,SELL,4.8,4201.98,4201.99,4209.76216242592,4186.445675148158,SL,4209.76216242592,1.7395416177754675,1.0215947074806644,-0.001286643208441937,-16.604324851840428,-1.06,-1.06,13.339999999999636
2026-06-22,2026-06-22 12:45:00+00:00,2026-06-22 12:51:00+00:00,SELL,4.0,4206.63,4206.41,4213.887800861273,4191.454398277454,SL,4213.887800861273,0.0,1.0056432552177164,0.029420414381401708,-15.975601722545907,-15.975601722545907,-15.975601722545907,-15.975601722545907
2026-06-22,2026-06-22 13:30:00+00:00,2026-06-22 13:38:00+00:00,SELL,4.0,4209.87,4209.78,4216.733987701397,4195.8720245972045,TP,4195.8720245972045,2.0060432372056303,0.7520864609739449,0.012942214433605805,26.715950805590545,-1.1,26.715950805590545,26.715950805590545
2026-06-22,2026-06-22 15:00:00+00:00,2026-06-22 15:06:00+00:00,SELL,4.5,4207.25,4208.84,4215.518910837904,4195.482178324192,TP,4195.482178324192,2.0991446570053087,0.41024653068430156,-0.23806276780589458,25.67564335161566,25.67564335161566,25.67564335161566,25.67564335161566
2026-06-22,2026-06-22 14:15:00+00:00,2026-06-22 14:23:00+00:00,SELL,4.0,4207.81,4207.36,4214.313520290361,4193.452959419276,TP,4193.452959419276,2.0680172631310767,0.6068868463430879,0.06471542200351058,26.794081161446666,-1.02,26.794081161446666,26.794081161446666
2026-06-22,2026-06-22 16:30:00+00:00,2026-06-22 16:32:00+00:00,BUY,4.8,4186.79,4185.58,4177.486784034889,4201.766431930221,TP,4201.766431930221,2.0251529269274844,0.3496755816476217,-0.1495079342027017,31.352863860442522,31.352863860442522,31.352863860442522,9.528000000000684
2026-06-22,2026-06-22 19:30:00+00:00,2026-06-22 19:47:00+00:00,BUY,4.0,4182.54,4183.04,4172.475392537368,4204.169214925264,NEG_TIME_STOP,4181.19,1.1443870529750846,0.5773995883497394,0.047327835110631544,-4.740000000000728,-1.04,-1.04,12.59199999999961
2026-06-22,2026-06-22 19:45:00+00:00,2026-06-22 19:47:00+00:00,BUY,4.0,4181.67,4183.04,4173.218673532386,4202.682652935229,NEG_TIME_STOP,4181.19,1.2309946156322737,0.6210973660345102,0.13949235925691153,-4.740000000000728,-1.04,-1.04,11.23599999999984
2026-06-23,2026-06-23 02:45:00+00:00,2026-06-23 02:50:00+00:00,SELL,4.0,4194.75,4190.63,4194.4638512925985,4182.962297414803,TP,4182.962297414803,2.5066178280188067,0.3808181091475207,1.074637403895688,14.315405170393644,-1.02,14.315405170393644,14.315405170393644
2026-06-23,2026-06-23 03:15:00+00:00,2026-06-23 03:16:00+00:00,BUY,4.0,4178.65,4181.49,4175.805018362448,4192.859963275103,TP,4192.859963275103,2.0844394503803354,0.5030799011043792,0.4995618598379978,21.63992655020629,21.63992655020629,21.63992655020629,21.63992655020629
2026-06-22,2026-06-22 18:45:00+00:00,2026-06-22 18:51:00+00:00,BUY,5.3,4180.75,4176.0,4165.354851986171,4197.290296027659,TP,4197.290296027659,2.087335936628939,0.22169724619457948,-0.4462126777222028,41.78059205531754,-0.8,41.78059205531754,19.359999999999854
2026-06-23,2026-06-23 04:00:00+00:00,2026-06-23 04:22:00+00:00,BUY,5.3,4193.17,4176.12,4169.779050471792,4188.801899056415,SL,4169.779050471792,0.7459450637415032,1.245870191026853,-2.6888717413935503,-13.481899056415205,-0.8,-13.481899056415205,-13.481899056415205
2026-06-23,2026-06-23 04:15:00+00:00,2026-06-23 04:31:00+00:00,SELL,4.0,4185.12,4174.64,4181.9181562577805,4160.083687484441,TP,4160.083687484441,2.5775758771250508,0.13602346046658892,1.4399251168586937,28.012625031119022,28.012625031119022,28.012625031119022,28.012625031119022
2026-06-23,2026-06-23 04:30:00+00:00,2026-06-23 04:31:00+00:00,SELL,4.0,4178.09,4174.64,4182.949068756743,4158.021862486516,TP,4158.021862486516,2.2577740718269053,0.11914692596525146,0.41520898442443077,32.13627502696945,32.13627502696945,32.13627502696945,32.13627502696945
2026-06-23,2026-06-23 05:15:00+00:00,2026-06-23 05:41:00+00:00,SELL,5.0,4153.4,4154.12,4165.455242684018,4131.449514631962,TP,4131.449514631962,2.037009761824888,0.22319769152951127,-0.06351871063293325,44.30097073607518,44.30097073607518,44.30097073607518,44.30097073607518
2026-06-23,2026-06-23 05:30:00+00:00,2026-06-23 05:41:00+00:00,SELL,4.0,4161.73,4154.12,4165.2772103261495,4131.805579347701,TP,4131.805579347701,2.0695137337227916,0.22675919213157658,0.6820701391784179,43.58884130459862,43.58884130459862,43.58884130459862,43.58884130459862
2026-06-23,2026-06-23 07:00:00+00:00,2026-06-23 07:04:00+00:00,SELL,5.0,4143.9,4144.36,4154.797923472781,4123.484153054437,TP,4123.484153054437,2.845393538039213,0.04407006826593096,-0.04407006826593096,40.691693891124885,40.691693891124885,40.691693891124885,40.691693891124885
2026-06-23,2026-06-23 07:45:00+00:00,2026-06-23 07:51:00+00:00,SELL,4.8,4138.53,4138.88,4147.571430479911,4121.497139040178,TP,4121.497139040178,2.7866529055235016,0.0,-0.0402695506578955,33.70572191964442,33.70572191964442,33.70572191964442,33.70572191964442
2026-06-23,2026-06-23 09:45:00+00:00,2026-06-23 09:48:00+00:00,SELL,4.8,4113.27,4111.86,4124.111523395205,4087.3569532095894,SL,4124.111523395205,0.16406123019656188,1.0431355830412385,0.11508772864545132,-25.30304679041074,-25.30304679041074,-25.30304679041074,-25.30304679041074
2026-06-23,2026-06-23 08:45:00+00:00,2026-06-23 08:56:00+00:00,SELL,4.0,4127.51,4117.95,4130.275060462948,4093.2998790741035,TP,4093.2998790741035,2.1257502207606183,0.7107470203764737,0.775655424063836,48.24024185179263,48.24024185179263,48.24024185179263,48.24024185179263
2026-06-23,2026-06-23 10:30:00+00:00,2026-06-23 10:30:00+00:00,SELL,5.5,4117.97,4117.97,4129.881833155338,4094.1463336893244,TP,4094.1463336893244,2.201172536424469,0.10661667129130463,-0.0,46.627332621351776,46.627332621351776,46.627332621351776,46.627332621351776
2026-06-23,2026-06-23 11:45:00+00:00,2026-06-23 12:09:00+00:00,SELL,5.0,4109.34,4110.14,4121.82356965629,4086.772860687421,SL,4121.82356965629,0.12325000341186941,1.0219479449563547,-0.06847222411769657,-24.427139312578728,-24.427139312578728,-24.427139312578728,-24.427139312578728
2026-06-23,2026-06-23 12:00:00+00:00,2026-06-23 12:09:00+00:00,SELL,5.0,4105.14,4110.14,4121.312427035451,4087.795145929098,SL,4121.312427035451,0.12888873612074334,1.0687024370007496,-0.44753033375242274,-23.40485407090142,-23.40485407090142,-23.40485407090142,-23.40485407090142
2026-06-23,2026-06-23 16:15:00+00:00,2026-06-23 16:32:00+00:00,BUY,6.3,4113.28,4117.28,4107.58797459595,4136.664050808098,TP,4136.664050808098,2.109982088104724,0.04849347586346442,0.41271043288112325,37.968101616196876,37.968101616196876,37.968101616196876,15.315999999999985
2026-06-23,2026-06-23 16:30:00+00:00,2026-06-23 16:32:00+00:00,BUY,6.3,4115.79,4117.28,4107.017577983157,4137.804844033685,TP,4137.804844033685,2.194413751747939,0.04579815556483456,0.14518989742912464,40.24968806737088,40.24968806737088,40.24968806737088,15.315999999999985
2026-06-23,2026-06-23 20:15:00+00:00,2026-06-23 20:24:00+00:00,SELL,4.5,4138.33,4135.3,4144.9852001700565,4115.9295996598885,TP,4115.9295996598885,2.0071861870344865,0.05472266867941044,0.31284846433713087,37.7008006802234,37.7008006802234,37.7008006802234,37.7008006802234
2026-06-23,2026-06-23 21:00:00+00:00,2026-06-23 21:04:00+00:00,SELL,5.3,4127.81,4128.45,4136.846890303293,4111.656219393414,TP,4111.656219393414,2.0305136049370835,0.0,-0.07621869250196703,32.547561213171285,32.547561213171285,32.547561213171285,16.143999999999288
2026-06-23,2026-06-23 22:15:00+00:00,2026-06-23 22:15:00+00:00,SELL,5.5,4121.12,4121.12,4128.6997372726,4105.9605254548005,TP,4105.9605254548005,2.004027244441619,0.4010693102766695,-0.0,29.298949090398747,29.298949090398747,29.298949090398747,13.98
2026-06-24,2026-06-24 03:15:00+00:00,2026-06-24 03:42:00+00:00,SELL,4.5,4107.04,4094.39,4104.357632029306,4074.4547359413887,TP,4074.4547359413887,2.2683421632665053,0.5447632882148135,1.269107844552053,38.83052811722242,38.83052811722242,38.83052811722242,38.83052811722242
2026-06-24,2026-06-24 04:15:00+00:00,2026-06-24 04:23:00+00:00,SELL,4.5,4089.5,4084.34,4096.593659622499,4059.832680755003,SL,4096.593659622499,0.039171971050893324,1.3432721739535023,0.4210986887970754,-25.527319244998143,-25.527319244998143,-25.527319244998143,-25.527319244998143
2026-06-24,2026-06-24 05:00:00+00:00,2026-06-24 05:04:00+00:00,SELL,4.0,4088.87,4087.29,4099.6354607972235,4062.599078405553,TP,4062.599078405553,2.097127067611959,0.059131045166349004,0.12798226214085587,48.30184318889398,48.30184318889398,48.30184318889398,48.30184318889398
2026-06-24,2026-06-24 06:45:00+00:00,2026-06-24 07:02:00+00:00,SELL,4.5,4068.33,4059.66,4073.002289005373,4032.975421989254,SL,4073.002289005373,0.3575098694143901,1.0665336355905235,0.649813536231195,-27.704578010746012,-27.704578010746012,-27.704578010746012,-27.704578010746012
2026-06-24,2026-06-24 07:45:00+00:00,2026-06-24 07:49:00+00:00,SELL,4.5,4063.48,4062.62,4073.6612163216287,4040.5375673567423,SL,4073.6612163216287,0.18385655537090992,1.0207208763696607,0.07788996927045605,-23.16243264325756,-23.16243264325756,-23.16243264325756,-23.16243264325756
2026-06-24,2026-06-24 10:15:00+00:00,2026-06-24 10:21:00+00:00,SELL,4.0,4085.99,4085.04,4095.7062192139433,4063.7075615721133,TP,4063.7075615721133,2.2022798827622845,0.2231343601947436,0.08906623621216642,41.6048768557734,-1.06,41.6048768557734,15.331999999999827
2026-06-24,2026-06-24 12:15:00+00:00,2026-06-24 12:22:00+00:00,SELL,4.0,4076.12,4074.23,4083.102710071837,4056.484579856326,TP,4056.484579856326,2.065885152517415,0.11946744471731346,0.21301270803369704,34.47084028734796,34.47084028734796,34.47084028734796,34.47084028734796
2026-06-24,2026-06-24 13:45:00+00:00,2026-06-24 13:47:00+00:00,SELL,4.0,4064.68,4064.07,4072.403129301433,4047.4037413971346,TP,4047.4037413971346,2.335257176035183,0.07440182164139546,0.07320179226005623,32.31251720573116,32.31251720573116,32.31251720573116,32.31251720573116
2026-06-24,2026-06-24 13:00:00+00:00,2026-06-24 13:07:00+00:00,SELL,4.3,4064.36,4061.56,4070.1042382304668,4044.4715235390663,TP,4044.4715235390663,2.473011569908605,0.5968934693106291,0.32770621844507847,33.156952921867266,33.156952921867266,33.156952921867266,33.156952921867266
2026-06-24,2026-06-24 14:30:00+00:00,2026-06-24 14:35:00+00:00,SELL,4.5,4044.08,4044.06,4053.400712614888,4025.3785747702236,SL,4053.400712614888,0.541714557402694,1.277204480200419,0.0021411642585067478,-19.701425229776323,-19.701425229776323,-19.701425229776323,-19.701425229776323
2026-06-24,2026-06-24 15:15:00+00:00,2026-06-24 15:21:00+00:00,SELL,4.0,4038.01,4036.59,4047.22192462664,4015.3261507467205,TP,4015.3261507467205,2.6815464745267605,0.24266537721076092,0.13356001381368524,41.507698506559315,41.507698506559315,41.507698506559315,41.507698506559315
2026-06-24,2026-06-24 16:15:00+00:00,2026-06-24 16:25:00+00:00,BUY,4.0,3971.4,3973.67,3955.9259984343416,4009.158003131317,TP,4009.158003131317,2.4898555061844205,0.22373758170105973,0.12793055679127682,69.95600626263375,69.95600626263375,69.95600626263375,25.787999999999993
2026-06-24,2026-06-24 18:15:00+00:00,2026-06-24 18:17:00+00:00,BUY,4.5,4001.67,4004.56,3985.294750903878,4043.090498192243,SL,3985.294750903878,0.906814124895859,1.054748884824484,0.15001103726095472,-39.33049819224361,-0.8,-39.33049819224361,-39.33049819224361
2026-06-24,2026-06-24 19:15:00+00:00,2026-06-24 19:15:00+00:00,BUY,5.3,4002.53,4002.53,3985.528263319816,4036.5334733603686,SL,3985.528263319816,1.1469416546562246,1.0757724545468117,0.0,-35.02347336036885,-1.02,-1.02,22.379999999999637
2026-06-24,2026-06-24 20:15:00+00:00,2026-06-24 20:58:00+00:00,SELL,4.5,4005.7,3977.35,3991.1442471372393,3949.761505725521,SL,3991.1442471372393,1.3288148180639499,1.087409834749554,2.0552045876766507,-28.388494274478766,-0.8,-28.388494274478766,-28.388494274478766
2026-06-24,2026-06-24 21:00:00+00:00,2026-06-24 21:06:00+00:00,BUY,4.0,3972.72,3974.44,3960.9573093450326,4001.405381309935,TP,4001.405381309935,2.028526849714781,0.07565255527272566,0.12757097555795072,52.910762619869715,-1.02,-1.02,20.47200000000019
2026-06-24,2026-06-24 21:45:00+00:00,2026-06-24 21:54:00+00:00,BUY,5.3,3983.33,3980.66,3965.338574409196,4011.302851181608,TP,4011.302851181608,2.217156608480956,0.47254088446869347,-0.17426576816733202,60.485702363215935,-0.8,60.485702363215935,25.636000000000603
2026-06-24,2026-06-24 22:30:00+00:00,2026-06-24 22:35:00+00:00,BUY,4.3,3983.87,3985.44,3972.033726808001,4012.252546383998,TP,4012.252546383998,2.177338890678527,0.45874046514810257,0.11710935451749357,52.60509276799573,52.60509276799573,52.60509276799573,19.67999999999982
2026-06-25,2026-06-25 01:15:00+00:00,2026-06-25 01:29:00+00:00,SELL,4.8,4001.51,4001.76,4012.3366671692133,3980.606665661574,SL,4012.3366671692133,1.057989234318748,1.2168294410797236,-0.02363693552990936,-22.233334338426246,-1.08,-22.233334338426246,-22.233334338426246
2026-06-25,2026-06-25 02:45:00+00:00,2026-06-25 02:48:00+00:00,SELL,4.5,4014.24,4010.72,4020.9316297062155,3990.296740587569,TP,3990.296740587569,2.1563649127031064,0.5425186928417858,0.3447050178344642,39.74651882486196,39.74651882486196,39.74651882486196,39.74651882486196
2026-06-25,2026-06-25 05:15:00+00:00,2026-06-25 05:15:00+00:00,BUY,5.3,3967.68,3967.68,3952.1392391198874,3998.7615217602242,TP,3998.7615217602242,2.053953486978149,0.10681587682905454,0.0,61.10304352044881,-1.06,-1.06,26.852000000000263
2026-06-25,2026-06-25 08:15:00+00:00,2026-06-25 08:16:00+00:00,SELL,4.5,3998.1,3996.83,4009.4376541156644,3971.6146917686706,TP,3971.6146917686706,2.0328920642068966,0.15942696250707328,0.10073245889749163,49.33061646265869,-1.1,49.33061646265869,15.808000000000359
2026-06-25,2026-06-25 12:45:00+00:00,2026-06-25 12:47:00+00:00,BUY,4.0,3988.2,3989.28,3978.37002126695,4011.0999574661,SL,3978.37002126695,0.3611372759200729,1.2245670066732766,0.09899194365326301,-22.859957466100276,-22.859957466100276,-22.859957466100276,-22.859957466100276
2026-06-25,2026-06-25 06:15:00+00:00,2026-06-25 06:16:00+00:00,BUY,5.1,3970.38,3969.93,3953.6570393778393,4002.4759212443214,TP,4002.4759212443214,2.577895994099084,0.07927260625477242,-0.02765323474005444,64.29184248864313,-0.8,64.29184248864313,36.39999999999982
2026-06-25,2026-06-25 11:30:00+00:00,2026-06-25 11:30:00+00:00,SELL,5.5,3993.52,3993.52,4006.440642081617,3967.678715836766,SL,4006.440642081617,1.5471367346705445,1.4209820134343023,-0.0,-26.64128416323438,-0.8,-0.8,19.852000000000043
2026-06-25,2026-06-25 14:00:00+00:00,2026-06-25 14:38:00+00:00,BUY,5.8,3984.12,3977.51,3969.4961715572276,3993.537656885545,TP,3993.537656885545,4.288836508722339,0.09109254150036065,-0.8248242456401905,31.25531377108946,31.25531377108946,31.25531377108946,11.37999999999938
2026-06-25,2026-06-25 14:30:00+00:00,2026-06-25 14:38:00+00:00,BUY,4.8,3977.04,3977.51,3970.0508133029844,3992.4283733940315,TP,3992.4283733940315,4.607740950330506,0.09786589740300737,0.06300955038279074,29.036746788062555,29.036746788062555,29.036746788062555,11.37999999999938
2026-06-25,2026-06-25 15:45:00+00:00,2026-06-25 15:53:00+00:00,BUY,4.3,4005.39,4013.94,4003.4683187801875,4034.8833624396248,SL,4003.4683187801875,1.900363426108619,1.1239837952411211,0.8164878036798475,-21.96336243962516,-1.02,-1.02,11.999999999999527
2026-06-25,2026-06-25 16:15:00+00:00,2026-06-25 16:32:00+00:00,SELL,4.0,4030.77,4018.89,4031.472640560659,3993.7247188786814,SL,4031.472640560659,1.5807492794626863,1.7079085980720825,0.9441579406745604,-26.185281121318006,-1.02,-1.02,16.379999999999637
2026-06-25,2026-06-25 18:15:00+00:00,2026-06-25 18:43:00+00:00,BUY,4.3,4007.84,4029.13,4014.8368392458183,4057.7163215083638,NEG_TIME_STOP,4028.6,1.0445555225167256,0.5219279436018015,1.489523581673228,-2.1000000000004,-1.04,-1.04,16.65999999999982
2026-06-25,2026-06-25 18:30:00+00:00,2026-06-25 18:43:00+00:00,BUY,4.3,4026.86,4029.13,4012.1172606797095,4063.155478640582,NEG_TIME_STOP,4028.6,0.8775776621812491,0.43849493368199743,0.1334294235198554,-2.1000000000004,-1.04,-2.1000000000004,-2.1000000000004
2026-06-25,2026-06-25 22:15:00+00:00,2026-06-25 22:18:00+00:00,SELL,4.0,4040.04,4039.24,4048.976618179699,4019.7667636406013,TP,4019.7667636406013,2.0202086224363986,0.14276003991801273,0.08216405175137356,38.14647271879694,38.14647271879694,38.14647271879694,18.135999999999694
2026-06-25,2026-06-25 21:30:00+00:00,2026-06-25 21:31:00+00:00,SELL,4.0,4043.92,4040.04,4050.31051723099,4019.4989655380195,TP,4019.4989655380195,2.2189729579766215,0.34662324398405725,0.3777803895107305,40.06206892396083,-1.02,40.06206892396083,18.87599999999973
2026-06-25,2026-06-25 19:30:00+00:00,2026-06-25 19:30:00+00:00,SELL,5.5,4040.17,4040.17,4054.1066346217644,4012.2967307564713,TP,4012.2967307564713,2.0198563544199564,0.27912046958058073,-0.0,54.94653848705748,-0.8,-0.8,16.13199999999979
2026-06-26,2026-06-26 02:00:00+00:00,2026-06-26 02:03:00+00:00,SELL,4.0,4026.16,4024.72,4033.1222572679967,4007.915485464006,TP,4007.915485464006,2.0066036378363536,0.646254908271186,0.17138251711058808,32.509029071987605,-1.1,-1.1,12.639999999999782
2026-06-26,2026-06-26 05:15:00+00:00,2026-06-26 05:19:00+00:00,SELL,4.5,4015.02,4014.12,4023.5715296729454,3995.216940654109,TP,3995.216940654109,2.0345912953164493,0.014812417126623442,0.09522268152808049,36.726118691782105,36.726118691782105,36.726118691782105,36.726118691782105
2026-06-26,2026-06-26 06:15:00+00:00,2026-06-26 06:19:00+00:00,BUY,5.3,3997.44,3997.16,3985.6990759705877,4020.0818480588246,TP,4020.0818480588246,2.1185028308092853,0.40485391824360517,-0.024430839894028788,44.82369611764941,44.82369611764941,44.82369611764941,16.572000000000553
2026-06-26,2026-06-26 08:00:00+00:00,2026-06-26 08:18:00+00:00,SELL,5.0,4011.19,4014.18,4023.4312155594343,3995.6775688811304,SL,4023.4312155594343,0.9447407147579079,1.1501191310096912,-0.32320077083821613,-19.582431118869025,-1.08,-19.582431118869025,-19.582431118869025
2026-06-26,2026-06-26 08:45:00+00:00,2026-06-26 08:54:00+00:00,BUY,4.5,4011.11,4013.21,4004.0063553824953,4031.617289235009,TP,4031.617289235009,2.1480620799285357,0.7420973194694869,0.22817047889983477,35.73457847001821,35.73457847001821,35.73457847001821,12.851999999999789
2026-06-26,2026-06-26 09:30:00+00:00,2026-06-26 09:30:00+00:00,BUY,5.5,4024.09,4024.09,4014.337280822324,4043.5954383553526,TP,4043.5954383553526,2.3183278004921193,0.33529110604198575,0.0,37.97087671070491,37.97087671070491,37.97087671070491,17.499999999999964
2026-06-26,2026-06-26 12:45:00+00:00,2026-06-26 12:50:00+00:00,BUY,5.1,4047.91,4046.99,4037.7243571116414,4065.5212857767165,SL,4037.7243571116414,0.916288281589964,1.023134618312393,-0.0992915452370801,-19.331285776716687,-0.8,-19.331285776716687,-19.331285776716687
2026-06-26,2026-06-26 13:30:00+00:00,2026-06-26 14:18:00+00:00,BUY,4.0,4047.89,4048.86,4039.8326585405266,4066.9146829189476,SL,4039.8326585405266,0.7333277498939138,1.2572915349389717,0.1074513470388663,-19.074682918947037,-1.02,-19.074682918947037,-19.074682918947037
2026-06-26,2026-06-26 13:45:00+00:00,2026-06-26 14:18:00+00:00,BUY,4.0,4048.33,4048.86,4040.010970735123,4066.5580585297544,SL,4040.010970735123,0.7481046566627831,1.2826265639158099,0.05989357523133403,-18.718058529754234,-1.02,-18.718058529754234,-18.718058529754234
2026-06-26,2026-06-26 15:45:00+00:00,2026-06-26 15:50:00+00:00,BUY,4.5,4040.07,4044.32,4035.324988866863,4062.3100222662747,TP,4062.3100222662747,2.38799037400502,0.10005546259798573,0.47248412893488484,34.96004453254907,34.96004453254907,34.96004453254907,34.96004453254907
2026-06-26,2026-06-26 16:45:00+00:00,2026-06-26 16:49:00+00:00,BUY,4.3,4062.08,4059.67,4046.312091200523,4086.385817598955,TP,4086.385817598955,2.0579568563213595,0.06962167611420438,-0.18041746175824722,52.411635197909604,52.411635197909604,52.411635197909604,20.736000000000313
2026-06-26,2026-06-26 16:30:00+00:00,2026-06-26 16:56:00+00:00,BUY,4.5,4056.86,4066.74,4054.007028308295,4092.205943383409,TP,4092.205943383409,2.0568647000968814,0.0007853626193387701,0.7759382679250262,49.91188676681802,49.91188676681802,49.91188676681802,49.91188676681802
2026-06-26,2026-06-26 20:45:00+00:00,2026-06-26 20:50:00+00:00,BUY,5.0,4076.54,4075.93,4067.051655248418,4093.6866895031635,SL,4067.051655248418,0.3097424212446823,1.0227131581460702,-0.06870650071247114,-18.776689503164125,-18.776689503164125,-18.776689503164125,-18.776689503164125
2026-06-26,2026-06-26 22:30:00+00:00,2026-06-26 22:33:00+00:00,BUY,4.5,4066.21,4067.95,4061.420715962314,4081.008568075372,TP,4081.008568075372,2.0614817677269084,0.5345149605770015,0.2664916995426717,25.09713615074405,-1.02,-1.02,6.816000000000241
2026-06-26,2026-06-26 21:45:00+00:00,2026-06-26 21:50:00+00:00,BUY,5.0,4072.43,4069.31,4062.1637125046927,4083.602574990615,TP,4083.602574990615,2.178753654988593,0.7024626427773014,-0.43659032778189477,27.545149981229734,-1.04,27.545149981229734,27.545149981229734
2026-06-26,2026-06-26 23:15:00+00:00,2026-06-26 23:35:00+00:00,BUY,4.0,4067.7,4069.33,4062.598474953838,4082.7930500923235,TP,4082.7930500923235,2.3100263154879737,0.2733407344371806,0.24214423757206463,25.046100184647113,25.046100184647113,25.046100184647113,25.046100184647113
2026-06-26,2026-06-26 23:30:00+00:00,2026-06-26 23:30:00+00:00,BUY,4.3,4071.84,4071.84,4065.11801162666,4085.2839767466808,TP,4085.2839767466808,2.3534703009518307,0.7988707658730959,0.0,25.787953493361236,25.787953493361236,25.787953493361236,25.787953493361236
2026-06-29,2026-06-29 03:15:00+00:00,2026-06-29 03:31:00+00:00,BUY,5.0,4058.64,4049.94,4040.5381767744457,4068.7436464511093,TP,4068.7436464511093,2.1091653740203395,0.07445364406529595,-0.9253524333825839,36.56729290221843,36.56729290221843,36.56729290221843,36.56729290221843
2026-06-29,2026-06-29 03:30:00+00:00,2026-06-29 03:31:00+00:00,BUY,4.0,4048.09,4049.94,4039.937086537853,4069.9458269242946,TP,4069.9458269242946,2.009414564672755,0.0699796117050489,0.18494611664897664,38.97165384858905,38.97165384858905,38.97165384858905,38.97165384858905
2026-06-29,2026-06-29 04:30:00+00:00,2026-06-29 05:00:00+00:00,SELL,5.3,4059.07,4061.19,4073.7678984966396,4036.0342030067204,SL,4073.7678984966396,0.23135820350094877,1.1297594748277164,-0.16854961904536447,-26.23579699327918,-26.23579699327918,-26.23579699327918,-26.23579699327918
2026-06-29,2026-06-29 05:00:00+00:00,2026-06-29 05:00:00+00:00,SELL,5.3,4061.19,4061.19,4073.103532648587,4037.362934702826,SL,4073.103532648587,0.24426004324963577,1.1927612421228544,-0.0,-24.907065297174157,-24.907065297174157,-24.907065297174157,-24.907065297174157
2026-06-29,2026-06-29 04:45:00+00:00,2026-06-29 05:05:00+00:00,SELL,4.8,4063.42,4065.8,4078.1648453637545,4041.070309272491,TP,4041.070309272491,2.0348010233716955,0.7763946671052406,-0.19248117788651822,48.419381455018055,48.419381455018055,48.419381455018055,17.21200000000041
2026-06-29,2026-06-29 06:30:00+00:00,2026-06-29 06:36:00+00:00,SELL,4.5,4072.24,4067.48,4078.0199421568173,4046.400115686366,TP,4046.400115686366,2.5465035386973613,0.40797187840533006,0.45161538167655635,41.09976862726802,41.09976862726802,41.09976862726802,41.09976862726802
2026-06-29,2026-06-29 07:15:00+00:00,2026-06-29 07:16:00+00:00,SELL,4.5,4065.48,4064.11,4073.067183086971,4046.195633826058,TP,4046.195633826058,2.6202434149347047,0.2612428458008663,0.15294987125948958,34.768732347884395,34.768732347884395,34.768732347884395,15.164000000000161
2026-06-29,2026-06-29 08:45:00+00:00,2026-06-29 08:50:00+00:00,SELL,4.5,4050.37,4049.52,4058.9806063459064,4030.598787308187,SL,4058.9806063459064,0.26108263146036054,1.1098654373821895,0.08984624969283429,-19.941212691812797,-19.941212691812797,-19.941212691812797,-19.941212691812797
2026-06-29,2026-06-29 09:45:00+00:00,2026-06-29 10:01:00+00:00,SELL,6.0,4061.07,4058.63,4067.6131580808974,4040.6636838382055,SL,4067.6131580808974,0.301675644088114,1.0330442720064883,0.2716193991051678,-18.766316161794567,-18.766316161794567,-18.766316161794567,-18.766316161794567
2026-06-29,2026-06-29 09:30:00+00:00,2026-06-29 10:01:00+00:00,SELL,6.0,4060.75,4058.63,4067.9228747087277,4040.044250582545,SL,4067.9228747087277,0.29162127812342725,1.0524192251095963,0.22813177476812754,-19.38574941745519,-19.38574941745519,-19.38574941745519,-19.38574941745519
2026-06-29,2026-06-29 10:00:00+00:00,2026-06-29 10:05:00+00:00,SELL,4.3,4062.18,4060.64,4069.094737003444,4043.7305259931113,TP,4043.7305259931113,2.029631435372757,0.9190114366460617,0.18214641086678313,32.798948013777114,32.798948013777114,32.798948013777114,32.798948013777114
2026-06-29,2026-06-29 11:00:00+00:00,2026-06-29 11:04:00+00:00,SELL,4.3,4061.48,4062.26,4070.081820909736,4046.6163581805286,TP,4046.6163581805286,2.400975452739503,0.5433517398372087,-0.09972102519367801,30.227283638943337,30.227283638943337,30.227283638943337,30.227283638943337
2026-06-29,2026-06-29 11:45:00+00:00,2026-06-29 12:12:00+00:00,SELL,4.0,4055.53,4051.33,4059.128429789241,4035.733140421517,TP,4035.733140421517,2.1671029241444275,0.2487680279787151,0.5385699574797124,30.393719156965926,30.393719156965926,30.393719156965926,30.393719156965926
2026-06-29,2026-06-29 16:15:00+00:00,2026-06-29 16:16:00+00:00,SELL,4.8,4046.99,4047.18,4056.132296334932,4029.2754073301353,TP,4029.2754073301353,2.126828613313981,0.26808764033370575,-0.021223604859756995,34.78918533972908,34.78918533972908,34.78918533972908,10.811999999999426
2026-06-29,2026-06-29 17:00:00+00:00,2026-06-29 17:02:00+00:00,SELL,4.3,4032.11,4031.39,4041.261287421584,4011.6474251568316,TP,4011.6474251568316,2.1354863960203714,0.10535606507880059,0.07293881428535183,38.68514968633663,38.68514968633663,38.68514968633663,38.68514968633663
2026-06-29,2026-06-29 20:15:00+00:00,2026-06-29 20:15:00+00:00,SELL,4.3,4028.82,4028.82,4037.787386262364,4010.8852274752726,TP,4010.8852274752726,2.1009466358187114,0.200727385587743,-0.0,35.06954504945516,35.06954504945516,35.06954504945516,35.06954504945516
2026-06-29,2026-06-29 21:00:00+00:00,2026-06-29 21:03:00+00:00,SELL,4.5,4020.83,4020.71,4028.2625000350854,4005.6049999298293,TP,4005.6049999298293,2.0681893316698665,0.5825885441323729,0.015888778476322665,29.19000014034144,29.19000014034144,29.19000014034144,29.19000014034144
2026-06-29,2026-06-29 21:45:00+00:00,2026-06-29 21:56:00+00:00,SELL,5.8,4020.62,4014.08,4020.2414229858023,4001.7571540283957,SL,4020.2414229858023,1.4590785311632521,1.077673130914799,1.061443113882964,-13.122845971604693,-0.8,-0.8,7.251999999999679
2026-06-29,2026-06-29 17:15:00+00:00,2026-06-29 17:18:00+00:00,BUY,4.0,4008.7,4013.21,4001.0015509012937,4037.6268981974126,NEG_TIME_STOP,4012.6,1.5350025092037018,0.6651131469975473,0.3694162922363453,-2.0200000000002545,-0.8,-0.8,17.127999999999883
2026-06-30,2026-06-30 02:00:00+00:00,2026-06-30 02:00:00+00:00,SELL,4.3,4013.93,4013.93,4019.454962197629,4002.8800756047417,SL,4019.454962197629,0.005429901405048433,1.0986500509641555,-0.0,-12.08992439525813,-12.08992439525813,-12.08992439525813,-12.08992439525813
2026-06-29,2026-06-29 22:15:00+00:00,2026-06-29 22:20:00+00:00,BUY,4.8,4007.93,4008.89,4002.340131179553,4021.989737640894,TP,4021.989737640894,2.0427890033814307,0.04274894775383226,0.1465678208704209,25.39947528178818,25.39947528178818,25.39947528178818,11.895999999999912
2026-06-30,2026-06-30 01:15:00+00:00,2026-06-30 01:19:00+00:00,SELL,4.3,4018.45,4019.23,4024.4184603627664,4008.853079274467,TP,4008.853079274467,2.062268814229592,0.585915625725046,-0.1503336144952824,19.733841451066365,-1.02,-1.02,7.403999999999979
2026-06-29,2026-06-29 22:30:00+00:00,2026-06-29 22:40:00+00:00,SELL,4.3,4016.95,4017.18,4024.4552196443874,4002.629560711225,TP,4002.629560711225,2.0384264290138363,0.699635234233363,-0.031614165790507194,28.300878577549337,-0.8,28.300878577549337,12.36399999999976
2026-06-30,2026-06-30 02:45:00+00:00,2026-06-30 02:53:00+00:00,SELL,5.0,4015.01,4015.1,4021.3093042809455,4002.681391438109,TP,4002.681391438109,2.053370139892483,0.13044939712257247,-0.014494377458014785,23.737217123781555,23.737217123781555,23.737217123781555,9.567999999999666
2026-06-30,2026-06-30 03:30:00+00:00,2026-06-30 03:37:00+00:00,SELL,4.8,4006.1,4000.27,4007.173668594144,3986.462662811711,TP,3986.462662811711,3.030272921522384,0.14050500639943098,0.8444785436173622,26.814674376577567,26.814674376577567,26.814674376577567,26.814674376577567
2026-06-30,2026-06-30 05:00:00+00:00,2026-06-30 05:02:00+00:00,BUY,4.5,3969.21,3971.66,3956.515265597521,4001.949468804957,SL,3956.515265597521,0.10036491625440551,1.285595341758736,0.16177239791005144,-31.34946880495732,-31.34946880495732,-31.34946880495732,-31.34946880495732
2026-06-30,2026-06-30 04:15:00+00:00,2026-06-30 04:15:00+00:00,BUY,4.8,3957.77,3957.77,3944.050100769975,3985.2097984600505,TP,3985.2097984600505,2.2551186040994904,0.5787214517307707,0.0,53.819596920101,-1.06,-1.06,20.2519999999999
2026-06-30,2026-06-30 06:00:00+00:00,2026-06-30 06:16:00+00:00,BUY,4.0,3962.67,3969.74,3955.75380900209,3997.7123819958197,TP,3997.7123819958197,2.011269544667579,0.707126050364807,0.5054986022324615,54.88476399163977,54.88476399163977,54.88476399163977,54.88476399163977
2026-06-30,2026-06-30 05:45:00+00:00,2026-06-30 06:16:00+00:00,BUY,4.0,3959.44,3969.74,3955.3513180793343,3998.5173638413303,TP,3998.5173638413303,2.0113030616401226,0.6873457940435563,0.7158404124012674,56.494727682660994,56.494727682660994,56.494727682660994,32.69600000000031
2026-06-30,2026-06-30 09:15:00+00:00,2026-06-30 09:15:00+00:00,BUY,5.5,3987.57,3987.57,3977.8511086057724,4007.007782788456,TP,4007.007782788456,2.5496735167466373,0.3796729328811674,0.0,37.855565576911864,37.855565576911864,37.855565576911864,37.855565576911864
2026-06-30,2026-06-30 13:00:00+00:00,2026-06-30 13:07:00+00:00,SELL,4.0,4023.71,4022.68,4031.107379888108,4005.8252402237836,SL,4031.107379888108,0.15663231247737613,1.0014975131131474,0.12222066806951842,-17.65475977621627,-17.65475977621627,-17.65475977621627,-17.65475977621627
2026-06-30,2026-06-30 11:15:00+00:00,2026-06-30 11:25:00+00:00,SELL,4.8,4024.17,4020.82,4032.070991777698,3998.3180164446044,SL,4032.070991777698,0.7590441952795839,1.0087999550846891,0.2977515285932726,-23.301983555395783,-0.8,-23.301983555395783,-23.301983555395783
2026-06-30,2026-06-30 13:45:00+00:00,2026-06-30 13:50:00+00:00,SELL,5.0,4027.93,4028.16,4035.355038107903,4013.7699237841935,SL,4035.355038107903,0.4072250842954452,1.1952681655089326,-0.03196647419384472,-15.190076215806403,-15.190076215806403,-15.190076215806403,-15.190076215806403
2026-06-30,2026-06-30 15:15:00+00:00,2026-06-30 15:16:00+00:00,SELL,4.3,4026.5,4027.87,4034.858506085888,4013.892987828224,TP,4013.892987828224,2.1936018673512763,0.0901480219459589,-0.1960361747078293,26.934024343552192,26.934024343552192,26.934024343552192,12.827999999999957
2026-06-30,2026-06-30 17:15:00+00:00,2026-06-30 17:27:00+00:00,SELL,4.8,4043.43,4058.48,4070.835937019464,4033.768125961072,TP,4033.768125961072,2.002276311462911,0.08093275309065852,-1.2180379340144254,48.62374807785564,48.62374807785564,48.62374807785564,48.62374807785564
2026-06-30,2026-06-30 21:30:00+00:00,2026-06-30 21:31:00+00:00,SELL,4.5,4031.17,4029.15,4035.09874472892,4017.25251054216,TP,4017.25251054216,2.1164128860318274,0.5412906666419367,0.3395674368375063,22.754978915680077,22.754978915680077,22.754978915680077,22.754978915680077
2026-06-30,2026-06-30 20:45:00+00:00,2026-06-30 20:50:00+00:00,SELL,4.1,4029.31,4029.46,4037.0681262904436,4014.2437474191124,TP,4014.2437474191124,2.066211758307092,0.545469389120514,-0.01971576105256022,29.632505161775224,29.632505161775224,29.632505161775224,29.632505161775224
2026-06-30,2026-06-30 18:15:00+00:00,2026-06-30 18:16:00+00:00,SELL,4.0,4035.84,4032.73,4045.3948398461807,4007.400320307638,TP,4007.400320307638,2.047400544730854,0.1531799867635169,0.2455617313580122,49.85935938472376,-0.8,49.85935938472376,49.85935938472376
2026-06-30,2026-06-30 23:15:00+00:00,2026-06-30 23:18:00+00:00,SELL,4.3,4019.75,4018.58,4024.075480986579,4007.5890380268415,TP,4007.5890380268415,2.143579429856706,0.10008223144495787,0.21290220143739866,21.181923946316783,21.181923946316783,21.181923946316783,21.181923946316783
2026-07-01,2026-07-01 02:15:00+00:00,2026-07-01 02:19:00+00:00,SELL,4.8,4013.91,4013.2,4019.104834802673,4001.390330394654,TP,4001.390330394654,2.001749480722007,0.07620873657575901,0.12024045104168635,22.819339210691577,22.819339210691577,22.819339210691577,7.827999999999702
2026-07-01,2026-07-01 01:15:00+00:00,2026-07-01 01:28:00+00:00,SELL,4.3,4014.45,4012.68,4018.804646962127,4000.4307060757455,TP,4000.4307060757455,2.0180755031971516,0.9061746798337262,0.288996249244257,23.478587848508578,23.478587848508578,23.478587848508578,6.983999999999906
2026-07-01,2026-07-01 05:45:00+00:00,2026-07-01 05:49:00+00:00,SELL,4.3,3982.73,3982.66,3991.2655123027703,3965.448975394459,TP,3965.448975394459,2.126543935578151,0.4776008511052787,0.00813432106507218,33.40204921108168,33.40204921108168,33.40204921108168,9.563999999999833
2026-07-01,2026-07-01 08:45:00+00:00,2026-07-01 08:50:00+00:00,SELL,4.8,3974.44,3974.96,3982.0447178393606,3960.7905643212785,TP,3960.7905643212785,2.10170684812247,0.5307197950933552,-0.07339741847035967,27.318871357443168,27.318871357443168,27.318871357443168,11.291999999999899
2026-07-01,2026-07-01 09:45:00+00:00,2026-07-01 09:50:00+00:00,SELL,4.5,3971.55,3969.8,3977.7874806164937,3953.825038767013,SL,3977.7874806164937,1.2244161168673526,1.0203467640560608,0.21909286344763018,-16.77496123298697,-0.8,-16.77496123298697,-16.77496123298697
2026-07-01,2026-07-01 10:15:00+00:00,2026-07-01 10:17:00+00:00,BUY,4.3,3961.34,3963.55,3955.2321145591673,3980.185770881666,TP,3980.185770881666,2.1760338163767163,0.3486463020714203,0.26569252675097493,32.4715417633317,-0.8,-0.8,9.291999999999643
2026-07-01,2026-07-01 12:00:00+00:00,2026-07-01 12:05:00+00:00,SELL,4.1,3974.25,3975.14,3983.5481853834954,3958.3236292330093,SL,3983.5481853834954,0.2913827286454686,1.045409871344428,-0.10584923612018335,-17.616370766990986,-17.616370766990986,-17.616370766990986,-17.616370766990986
2026-07-01,2026-07-01 11:15:00+00:00,2026-07-01 11:22:00+00:00,SELL,5.3,3974.08,3980.47,3989.253571082975,3962.902857834049,SL,3989.253571082975,1.0679027825231957,1.0018704143075332,-0.7274945394800997,-18.367142165950828,-0.8,-18.367142165950828,-18.367142165950828
2026-07-01,2026-07-01 12:30:00+00:00,2026-07-01 12:30:00+00:00,BUY,5.5,3978.56,3978.56,3971.0422074230632,3993.595585153873,TP,3993.595585153873,2.0803979146726075,0.1476497241232019,0.0,29.03117030774589,29.03117030774589,29.03117030774589,11.908000000000321
2026-07-01,2026-07-01 12:15:00+00:00,2026-07-01 12:30:00+00:00,BUY,4.5,3975.65,3978.56,3970.630239334304,3994.419521331392,TP,3994.419521331392,2.142561511786709,0.1399790040072682,0.3669719834784535,30.679042662783978,30.679042662783978,30.679042662783978,11.908000000000321
2026-07-01,2026-07-01 13:15:00+00:00,2026-07-01 13:23:00+00:00,BUY,5.0,3984.11,3982.81,3976.049108061769,3996.331783876462,TP,3996.331783876462,2.0086107164660985,0.08135021311162093,-0.1922823219003172,26.02356775292399,26.02356775292399,26.02356775292399,12.647999999999666
2026-07-01,2026-07-01 21:00:00+00:00,2026-07-01 21:07:00+00:00,SELL,5.3,4068.08,4068.81,4077.397078492932,4051.635843014136,TP,4051.635843014136,2.075211029533226,0.21194635655167096,-0.08501145070478558,33.548313971728206,33.548313971728206,33.548313971728206,11.067999999999483
2026-07-01,2026-07-01 20:15:00+00:00,2026-07-01 20:24:00+00:00,SELL,4.3,4071.15,4070.29,4080.835639469115,4049.19872106177,TP,4049.19872106177,2.040653870542945,0.26930562232073724,0.08155029408304805,41.382557876460126,41.382557876460126,41.382557876460126,12.844000000000232
2026-07-01,2026-07-01 22:15:00+00:00,2026-07-01 22:32:00+00:00,SELL,4.3,4065.33,4058.02,4065.1567842434583,4043.746431513083,TP,4043.746431513083,2.697293254681817,0.008407147806792824,1.0242708411285162,27.747136973834312,27.747136973834312,27.747136973834312,27.747136973834312
2026-07-01,2026-07-01 22:30:00+00:00,2026-07-01 22:32:00+00:00,SELL,4.0,4058.7,4058.02,4065.487879677664,4043.084240644672,TP,4043.084240644672,2.577706234016533,0.008034409041083185,0.09105663579900365,29.071518710656346,29.071518710656346,29.071518710656346,29.071518710656346
2026-07-02,2026-07-02 02:15:00+00:00,2026-07-02 02:20:00+00:00,BUY,4.5,4037.54,4038.91,4031.935544281685,4052.85891143663,SL,4031.935544281685,0.1992987060409848,1.02803721029751,0.19643109875975764,-14.988911436629715,-14.988911436629715,-14.988911436629715,-14.988911436629715
2026-07-02,2026-07-02 03:00:00+00:00,2026-07-02 03:03:00+00:00,BUY,5.5,4034.89,4035.14,4028.8658194924033,4047.688361015193,TP,4047.688361015193,2.1086419149053213,0.7299758102997886,0.03984584117356989,24.076722030386446,24.076722030386446,24.076722030386446,11.916000000000604
2026-07-02,2026-07-02 01:30:00+00:00,2026-07-02 01:34:00+00:00,BUY,4.3,4038.12,4038.15,4030.466910309826,4053.516179380349,TP,4053.516179380349,3.0339356873329253,0.9878838209720033,0.003904679134302661,29.692358760697935,-1.04,-1.04,8.283999999999615
2026-07-02,2026-07-02 03:45:00+00:00,2026-07-02 03:46:00+00:00,BUY,4.0,4039.14,4041.47,4033.714487533277,4056.9810249334455,TP,4056.9810249334455,2.5775214836895457,0.02707751433585392,0.30043146858411124,29.962049866891395,29.962049866891395,29.962049866891395,29.962049866891395
2026-07-02,2026-07-02 08:15:00+00:00,2026-07-02 08:17:00+00:00,BUY,4.3,4055.53,4056.58,4049.402985476075,4070.9340290478494,TP,4070.9340290478494,2.059352109533955,0.49324130363667296,0.14630038667185802,27.90805809569902,-0.8,27.90805809569902,10.551999999999861
2026-07-02,2026-07-02 07:15:00+00:00,2026-07-02 07:29:00+00:00,SELL,4.5,4069.91,4065.15,4073.4423483167147,4048.565303366571,SL,4073.4423483167147,1.4603824559070113,1.2722572179866565,0.5740231618593687,-17.604696633429302,-1.02,-1.02,9.875999999999731
2026-07-02,2026-07-02 09:45:00+00:00,2026-07-02 09:50:00+00:00,BUY,4.3,4067.95,4072.98,4063.901374720245,4091.1372505595104,SL,4063.901374720245,0.3778105048182307,1.277726488598149,0.5540486411766374,-18.95725055951043,-18.95725055951043,-18.95725055951043,-18.95725055951043
2026-07-02,2026-07-02 10:30:00+00:00,2026-07-02 10:31:00+00:00,BUY,5.3,4062.25,4061.74,4053.0186726697416,4079.1826546605166,TP,4079.1826546605166,2.0421203476916965,0.0676502529554993,-0.058477337300572016,33.86530932103367,-1.02,-1.02,15.287999999999993
2026-07-02,2026-07-02 11:15:00+00:00,2026-07-02 11:20:00+00:00,BUY,4.5,4069.7,4073.12,4062.95096410531,4093.458071789379,SL,4062.95096410531,0.6618129849963899,1.0148454688205844,0.3363150681556754,-21.138071789379683,-0.8,-21.138071789379683,-21.138071789379683
2026-07-02,2026-07-02 13:15:00+00:00,2026-07-02 13:42:00+00:00,BUY,4.0,4063.19,4067.42,4059.479906389158,4083.3001872216846,SL,4059.479906389158,0.1372779785003705,1.2040160316177606,0.5327393110610019,-16.900187221684536,-16.900187221684536,-16.900187221684536,-16.900187221684536
2026-07-02,2026-07-02 14:15:00+00:00,2026-07-02 14:22:00+00:00,BUY,4.3,4063.13,4064.24,4056.659597163076,4079.4008056738476,TP,4079.4008056738476,7.838633549996557,0.3983957139176949,0.1464302127312959,29.521611347695583,-0.8,-0.8,8.703999999999905
2026-07-02,2026-07-02 15:15:00+00:00,2026-07-02 15:21:00+00:00,BUY,4.0,4064.02,4067.76,4059.8092557940668,4083.661488411867,TP,4083.661488411867,7.030788383090235,0.625098716707701,0.4703962174017766,31.002976823733842,31.002976823733842,31.002976823733842,31.002976823733842
2026-07-02,2026-07-02 20:45:00+00:00,2026-07-02 20:47:00+00:00,BUY,4.0,4107.26,4108.73,4098.212558831853,4129.764882336292,TP,4129.764882336292,2.040420255926352,0.3042565153291679,0.1397678367292822,41.04976467258573,-1.02,-1.02,16.788000000000903
2026-07-02,2026-07-02 22:30:00+00:00,2026-07-02 22:38:00+00:00,BUY,4.5,4112.46,4113.16,4104.183960595806,4131.112078808388,TP,4131.112078808388,2.0955790358063418,0.1626552574310085,0.07798539739840653,34.8841576167765,34.8841576167765,34.8841576167765,11.784000000000088
2026-07-03,2026-07-03 01:15:00+00:00,2026-07-03 01:18:00+00:00,BUY,5.5,4124.35,4124.45,4117.616721430728,4138.116557138544,TP,4138.116557138544,2.0166015274081803,0.5239066377446497,0.014634263624072665,26.233114277087587,-1.1,-1.1,7.924000000001252
2026-07-03,2026-07-03 02:45:00+00:00,2026-07-03 02:46:00+00:00,BUY,4.0,4124.61,4128.72,4122.549161357022,4141.061677285956,TP,4141.061677285956,2.006210292678432,0.9658330649728128,0.6660358887648992,23.583354571910967,-1.1,23.583354571910967,8.439999999999054
2026-07-03,2026-07-03 03:30:00+00:00,2026-07-03 03:34:00+00:00,BUY,5.0,4137.05,4135.12,4127.51920222263,4150.321595554739,TP,4150.321595554739,2.020840502523573,0.22234508133229833,-0.2539207141843208,29.32319110947894,-1.08,29.32319110947894,29.32319110947894
2026-07-03,2026-07-03 06:15:00+00:00,2026-07-03 06:20:00+00:00,SELL,4.8,4182.63,4181.43,4191.095980224349,4162.0980395513025,TP,4162.0980395513025,2.016350080140353,0.167598108251772,0.12414674685315398,37.86392089739566,-0.8,37.86392089739566,37.86392089739566
2026-07-03,2026-07-03 09:15:00+00:00,2026-07-03 09:27:00+00:00,BUY,4.0,4162.21,4164.32,4157.245373386696,4178.469253226607,TP,4178.469253226607,2.0538186386652746,0.11449367497025129,0.29824895578684524,27.218506453214943,27.218506453214943,27.218506453214943,9.840000000000073
2026-07-03,2026-07-03 12:15:00+00:00,2026-07-03 12:17:00+00:00,SELL,4.3,4180.24,4175.62,4182.4237475793925,4162.012504841215,SL,4182.4237475793925,1.0802869909902468,1.1831714663227657,0.6790375371939037,-14.407495158785242,-0.8,-14.407495158785242,-14.407495158785242
2026-07-03,2026-07-03 14:15:00+00:00,2026-07-03 14:19:00+00:00,SELL,4.8,4183.18,4183.47,4189.552554569593,4171.304890860815,TP,4171.304890860815,2.217818162690821,0.4455364878348331,-0.04767733633656223,23.310218278370012,23.310218278370012,23.310218278370012,11.304000000000524
2026-07-03,2026-07-03 13:15:00+00:00,2026-07-03 13:16:00+00:00,SELL,4.8,4179.59,4179.69,4186.549045029433,4165.971909941134,TP,4165.971909941134,2.1198286259395314,0.946195858483429,-0.014579289036643527,26.41618011773106,-1.02,26.41618011773106,26.41618011773106
2026-07-03,2026-07-03 10:15:00+00:00,2026-07-03 10:24:00+00:00,BUY,5.0,4173.96,4171.96,4164.667977270073,4186.544045459855,SL,4164.667977270073,1.9775034354759637,1.0463489051790391,-0.2742723211478438,-15.38404545985468,-0.8,-0.8,10.779999999999927
2026-07-03,2026-07-03 19:15:00+00:00,2026-07-03 19:19:00+00:00,BUY,4.8,4163.97,4163.76,4158.2860901947815,4174.707819610437,TP,4174.707819610437,2.1684683201546315,0.009134238922335891,-0.03836380347367782,20.87563922087291,20.87563922087291,20.87563922087291,20.87563922087291
2026-07-03,2026-07-03 17:15:00+00:00,2026-07-03 17:37:00+00:00,BUY,4.0,4162.01,4165.79,4158.633640663951,4180.102718672097,OPEN_END,4174.95,1.3750008262488385,0.44156530599045374,0.5282015369126202,17.29999999999971,-1.02,-1.02,9.059999999999928
